{
    "PID-PID_Nominal": {
        "mse_theta": 0.00011396620896213263,
        "mae_theta": 0.004768902187202272,
        "mse_x": 0.0005081331490774683,
        "mae_x": 0.010125901529594068,
        "iae_theta": 0.0456650428131583,
        "ise_theta": 0.0010260586954046694,
        "iae_x": 0.09719438773206479,
        "ise_x": 0.0046320255541665665,
        "energy_l2": 0.950458940902568,
        "energy_l1": 1.3567510141918517,
        "ts_theta": 1.6,
        "ts_x": 2.0,
        "os_theta": NaN,
        "max_theta": 0.05,
        "max_x": 0.14555986260636983,
        "ctrl_time": 0.0013808999974571634,
        "sim_time": 0.004296800000702206
    },
    "PID-LQR_Nominal": {
        "mse_theta": 4.964360527686551e-05,
        "mae_theta": 0.002034650917980107,
        "mse_x": 0.00038241056601463985,
        "mae_x": 0.00626386421069343,
        "iae_theta": 0.018049974148861496,
        "ise_theta": 0.0003764004132963414,
        "iae_x": 0.05824101372133943,
        "ise_x": 0.0033623351825290805,
        "energy_l2": 0.5922922835080773,
        "energy_l1": 0.5353270022119975,
        "ts_theta": 0.30000000000000004,
        "ts_x": 1.2000000000000002,
        "os_theta": NaN,
        "max_theta": 0.05,
        "max_x": 0.10051882351675863,
        "ctrl_time": 0.0012143000012656557,
        "sim_time": 0.0042051999998875544
    },
    "MPC_Nominal": {
        "mse_theta": 6.191508012137148e-05,
        "mae_theta": 0.002547562318046811,
        "mse_x": 0.00038014992805874865,
        "mae_x": 0.007134438532758476,
        "iae_theta": 0.02323006806766337,
        "ise_theta": 0.0005003423072871429,
        "iae_x": 0.06705145823676559,
        "ise_x": 0.0033395134616147886,
        "energy_l2": 0.5576188599825178,
        "energy_l1": 0.6626463128701199,
        "ts_theta": 1.2000000000000002,
        "ts_x": 2.2,
        "os_theta": NaN,
        "max_theta": 0.05,
        "max_x": 0.11296139675736344,
        "ctrl_time": 1.0751745999978084,
        "sim_time": 1.07943030000024
    },
    "MPC-J2_Nominal": {
        "mse_theta": 6.675122841288337e-05,
        "mae_theta": 0.003067551455711676,
        "mse_x": 0.0007334068866415317,
        "mae_x": 0.015941047891704606,
        "iae_theta": 0.028481351521858902,
        "ise_theta": 0.0005491873901090012,
        "iae_x": 0.15600254278287726,
        "ise_x": 0.006907409471772111,
        "energy_l2": 0.514989892817267,
        "energy_l1": 0.7537895085339794,
        "ts_theta": 0.4,
        "ts_x": 4.3,
        "os_theta": NaN,
        "max_theta": 0.05,
        "max_x": 0.146930869134617,
        "ctrl_time": 1.0139249999956519,
        "sim_time": 1.0168124000001626
    },
    "Fuzzy-LQR_Nominal": {
        "mse_theta": 4.558318497383494e-05,
        "mae_theta": 0.0018099861580315375,
        "mse_x": 0.0004315992238975027,
        "mae_x": 0.00801075460861861,
        "iae_theta": 0.015780859915303754,
        "ise_theta": 0.0003353901682357314,
        "iae_x": 0.07590861770733977,
        "ise_x": 0.003859152161364482,
        "energy_l2": 0.7762717434871076,
        "energy_l1": 0.611144668781518,
        "ts_theta": 0.6000000000000001,
        "ts_x": 1.8,
        "os_theta": NaN,
        "max_theta": 0.05,
        "max_x": 0.10000022635328652,
        "ctrl_time": 0.0024747999996179715,
        "sim_time": 0.004877299999861862
    },
    "LMPC_Nominal": {
        "mse_theta": 8.272519927174814e-05,
        "mae_theta": 0.0032098987363456746,
        "mse_x": 0.00038719099819680677,
        "mae_x": 0.007028199922347139,
        "iae_theta": 0.029918475385789418,
        "ise_theta": 0.0007105244675335094,
        "iae_x": 0.06598234993488686,
        "ise_x": 0.0034106289598407934,
        "energy_l2": 0.7899397169516654,
        "energy_l1": 0.9198940697958164,
        "ts_theta": 1.3,
        "ts_x": 2.1,
        "os_theta": NaN,
        "max_theta": 0.05,
        "max_x": 0.12012534131409802,
        "ctrl_time": 0.24662529999568505,
        "sim_time": 0.2504054000000906
    },
    "PID-PID_Wind": {
        "mse_theta": 0.0014574792319020982,
        "mae_theta": 0.030989984219862928,
        "mse_x": 0.04381840642389349,
        "mae_x": 0.17793767567518187,
        "iae_theta": 0.30988308098281286,
        "ise_theta": 0.014587957043580253,
        "iae_x": 1.7775468879261087,
        "ise_x": 0.43778889005409727,
        "energy_l2": 22.775825258120765,
        "energy_l1": 12.272201652805876,
        "ts_theta": 4.7,
        "ts_x": NaN,
        "os_theta": NaN,
        "max_theta": 0.090056231084365,
        "max_x": 0.559971296596556,
        "ctrl_time": 0.0012728999972750898,
        "sim_time": 0.0048570999997537
    },
    "PID-LQR_Wind": {
        "mse_theta": 0.0005694433475657559,
        "mae_theta": 0.018720994641206065,
        "mse_x": 0.00521910211575254,
        "mae_x": 0.05852880289459653,
        "iae_theta": 0.18541441090029678,
        "ise_theta": 0.005599110381675961,
        "iae_x": 0.5857614637366284,
        "ise_x": 0.05221005179136954,
        "energy_l2": 12.562736331516108,
        "energy_l1": 8.950920443417722,
        "ts_theta": 1.2000000000000002,
        "ts_x": 4.1000000000000005,
        "os_theta": NaN,
        "max_theta": 0.061866549251339796,
        "max_x": 0.26817044928058403,
        "ctrl_time": 0.0011828000006062211,
        "sim_time": 0.004875699999502103
    },
    "MPC_Wind": {
        "mse_theta": 0.0005781236554509859,
        "mae_theta": 0.018255527517150528,
        "mse_x": 0.01842532549601697,
        "mae_x": 0.11373047437686666,
        "iae_theta": 0.18150986409978603,
        "ise_theta": 0.005711296636889017,
        "iae_x": 1.1363791882529384,
        "ise_x": 0.18453039540833951,
        "energy_l2": 12.439198899564406,
        "energy_l1": 8.68605590312848,
        "ts_theta": 1.5,
        "ts_x": 4.9,
        "os_theta": NaN,
        "max_theta": 0.062455362539367176,
        "max_x": 0.4093822686530615,
        "ctrl_time": 3.5768935000005513,
        "sim_time": 3.5821427999999287
    },
    "MPC-J2_Wind": {
        "mse_theta": 0.0006307200969901892,
        "mae_theta": 0.018782831814204915,
        "mse_x": 0.04383154469804683,
        "mae_x": 0.17607298808018995,
        "iae_theta": 0.1860681584492761,
        "ise_theta": 0.0062193519360448715,
        "iae_x": 1.7544705040482624,
        "ise_x": 0.43507957251529733,
        "energy_l2": 12.265599112120173,
        "energy_l1": 8.731170952792336,
        "ts_theta": 1.9000000000000001,
        "ts_x": NaN,
        "os_theta": NaN,
        "max_theta": 0.06714836143734745,
        "max_x": 0.5699258361854898,
        "ctrl_time": 2.473555400002624,
        "sim_time": 2.478701799999726
    },
    "Fuzzy-LQR_Wind": {
        "mse_theta": 0.0005417165872285232,
        "mae_theta": 0.01794214764695757,
        "mse_x": 0.008593884108165037,
        "mae_x": 0.07714802421276164,
        "iae_theta": 0.1779689964283607,
        "ise_theta": 0.005335186468344601,
        "iae_x": 0.7717617118185113,
        "ise_x": 0.08617980732893199,
        "energy_l2": 13.968345153608595,
        "energy_l1": 9.274826795237969,
        "ts_theta": 1.2000000000000002,
        "ts_x": NaN,
        "os_theta": NaN,
        "max_theta": 0.06343838377828996,
        "max_x": 0.3115335978777666,
        "ctrl_time": 0.003026599999429891,
        "sim_time": 0.00688350000018545
    },
    "LMPC_Wind": {
        "mse_theta": 0.0011758298560183794,
        "mae_theta": 0.02739718150941557,
        "mse_x": 0.015510508791609407,
        "mae_x": 0.10193708997566026,
        "iae_theta": 0.2725882072734184,
        "ise_theta": 0.011698177801579088,
        "iae_x": 1.0227907556795148,
        "ise_x": 0.15609320770064583,
        "energy_l2": 22.74390390752454,
        "energy_l1": 12.12103893860336,
        "ts_theta": 1.5,
        "ts_x": NaN,
        "os_theta": NaN,
        "max_theta": 0.08538868134647308,
        "max_x": 0.39981179043164317,