{
    "PD-PD_Nominal": {
        "mse_theta": 4.6566368760730815e-05,
        "mae_theta": 0.0019144370137426736,
        "mse_x": 0.0004010853107870566,
        "mae_x": 0.00682776748412349,
        "iae_theta": 0.016835813147130195,
        "ise_theta": 0.00034532032448337163,
        "iae_x": 0.06396043826597776,
        "ise_x": 0.0035509616389457215,
        "energy_l2": 0.845153774538091,
        "energy_l1": 0.7502445130020359,
        "ts_theta": 0.30000000000000004,
        "ts_x": 1.2000000000000002,
        "os_theta": NaN,
        "max_theta": 0.05,
        "max_x": 0.1046348261207499,
        "ctrl_time": 0.0005720002809539437,
        "sim_time": 0.0027849000180140138
    },
    "PD-LQR_Nominal": {
        "mse_theta": 6.212423979766856e-05,
        "mae_theta": 0.0026641832106892843,
        "mse_x": 0.0003835288322334503,
        "mae_x": 0.006956645207151221,
        "iae_theta": 0.02440823943506967,
        "ise_theta": 0.0005024548219540356,
        "iae_x": 0.06526211506131784,
        "ise_x": 0.0033736412055578,
        "energy_l2": 0.540553562371654,
        "energy_l1": 0.6755710514836808,
        "ts_theta": 1.3,
        "ts_x": 2.2,
        "os_theta": NaN,
        "max_theta": 0.05,
        "max_x": 0.1152302497684708,
        "ctrl_time": 0.000737600086722523,
        "sim_time": 0.003088099998421967
    },
    "MPC_Nominal": {
        "mse_theta": 6.146588313707182e-05,
        "mae_theta": 0.0025122189028813787,
        "mse_x": 0.0003752476647501119,
        "mae_x": 0.007065919206166412,
        "iae_theta": 0.02287184122031611,
        "ise_theta": 0.0004958053704053399,
        "iae_x": 0.06625777092499188,
        "ise_x": 0.003289768077565233,
        "energy_l2": 0.5633613184429277,
        "energy_l1": 0.660342793777503,
        "ts_theta": 1.2000000000000002,
        "ts_x": 0.9,
        "os_theta": NaN,
        "max_theta": 0.05,
        "max_x": 0.11101230583784111,
        "ctrl_time": 0.787421899556648,
        "sim_time": 0.7902560000075027
    },
    "MPC-J2_Nominal": {
        "mse_theta": 5.5983532646853716e-05,
        "mae_theta": 0.002274300287786705,
        "mse_x": 0.00037032836047774494,
        "mae_x": 0.006052091326677625,
        "iae_theta": 0.020468745108285044,
        "ise_theta": 0.0004404336227599565,
        "iae_x": 0.05598866239127894,
        "ise_x": 0.0032399385357483284,
        "energy_l2": 0.5878991088926597,
        "energy_l1": 0.6676969767478835,
        "ts_theta": 1.1,
        "ts_x": 1.0,
        "os_theta": NaN,
        "max_theta": 0.05,
        "max_x": 0.10132125680472807,
        "ctrl_time": 1.348386600089725,
        "sim_time": 1.3512641999986954
    },
    "Fuzzy-LQR_Nominal": {
        "mse_theta": 7.456531486187983e-05,
        "mae_theta": 0.002526095874954243,
        "mse_x": 0.00036822884736499464,
        "mae_x": 0.006176526320363723,
        "iae_theta": 0.023013566753579368,
        "ise_theta": 0.0006281096801049363,
        "iae_x": 0.05738288987501265,
        "ise_x": 0.0032191113583729673,
        "energy_l2": 2.8448888334478424,
        "energy_l1": 1.597438434127119,
        "ts_theta": 0.7000000000000001,
        "ts_x": 1.2000000000000002,
        "os_theta": NaN,
        "max_theta": 0.05,
        "max_x": 0.1026938622483917,
        "ctrl_time": 0.0032297003199346364,
        "sim_time": 0.006061399995815009
    },
    "PD-PD_Wind": {
        "mse_theta": 0.0006011866714296347,
        "mae_theta": 0.01912517996119932,
        "mse_x": 0.004655085530679433,
        "mae_x": 0.05471286829202782,
        "iae_theta": 0.18980574224151445,
        "ise_theta": 0.005932242348236709,
        "iae_x": 0.5470995188688279,
        "ise_x": 0.04651135483818335,
        "energy_l2": 15.391596628460855,
        "energy_l1": 9.59044308242267,
        "ts_theta": 1.1,
        "ts_x": 4.1000000000000005,
        "os_theta": NaN,
        "max_theta": 0.06820579775157479,
        "max_x": 0.262137034684645,
        "ctrl_time": 0.000616400153376162,
        "sim_time": 0.003853400005027652
    },
    "PD-LQR_Wind": {
        "mse_theta": 0.0006693960571060464,
        "mae_theta": 0.020254243800097098,
        "mse_x": 0.011467178928745813,
        "mae_x": 0.08805091642385467,
        "iae_theta": 0.200989879511612,
        "ise_theta": 0.006612659235438024,
        "iae_x": 0.882372933105539,
        "ise_x": 0.11524313249796754,
        "energy_l2": 13.499164338070461,
        "energy_l1": 9.218991216047128,
        "ts_theta": 1.4000000000000001,
        "ts_x": NaN,
        "os_theta": NaN,
        "max_theta": 0.06314635757054436,
        "max_x": 0.3534178575028568,
        "ctrl_time": 0.0008198998984880745,
        "sim_time": 0.004057699989061803
    },
    "MPC_Wind": {
        "mse_theta": 0.0005791182818847137,
        "mae_theta": 0.018272266776711198,
        "mse_x": 0.01777050173450449,
        "mae_x": 0.11176152123832712,
        "iae_theta": 0.18161863049113955,
        "ise_theta": 0.005720374875081362,
        "iae_x": 1.1168701077089114,
        "ise_x": 0.17802399160516486,
        "energy_l2": 12.564182834734831,
        "energy_l1": 8.75151388029181,
        "ts_theta": 1.5,
        "ts_x": 4.9,
        "os_theta": NaN,
        "max_theta": 0.06229700474783883,
        "max_x": 0.40371238634030226,
        "ctrl_time": 3.0744970001396723,
        "sim_time": 3.079191700031515
    },
    "MPC-J2_Wind": {
        "mse_theta": 5.85634597587885,
        "mae_theta": 2.0976947318818673,
        "mse_x": 1.005050289244415,
        "mae_x": 0.8427294850448326,
        "iae_theta": 21.04287395167839,
        "ise_theta": 58.74941338613402,
        "iae_x": 8.4102664096259,
        "ise_x": 9.96502876964273,
        "energy_l2": 15895.40752099265,
        "energy_l1": 265.03805719779723,
        "ts_theta": NaN,
        "ts_x": NaN,
        "os_theta": NaN,
        "max_theta": 3.3813565386860405,
        "max_x": 2.0308816891200556,
        "ctrl_time": 5.620403599808924,
        "sim_time": 5.6253581999917515
    },
    "Fuzzy-LQR_Wind": {
        "mse_theta": 0.00030693530419367864,
        "mae_theta": 0.01368129560923941,
        "mse_x": 0.004401785912343942,
        "mae_x": 0.05474657605474216,
        "iae_theta": 0.13488355365226665,
        "ise_theta": 0.0029623254265021344,
        "iae_x": 0.5468078407101962,
        "ise_x": 0.043932383081399566,
        "energy_l2": 85.88725157185874,
        "energy_l1": 15.116786408698564,
        "ts_theta": 1.0,
        "ts_x": 3.7,
        "os_theta": NaN,
        "max_theta": 0.05,
        "max_x": 0.24185876185116614,
        "ctrl_time": 0.0027525998884811997,
        "sim_time": 0.006002300011459738
    }
}