{
    "PD-PD_Nominal": {
        "mse_theta": 4.6566368760730815e-05,
        "mae_theta": 0.0019144370137426736,
        "mse_x": 0.0004010853107870566,
        "mae_x": 0.00682776748412349,
        "iae_theta": 0.016835813147130195,
        "ise_theta": 0.00034532032448337163,
        "iae_x": 0.06396043826597776,
        "ise_x": 0.0035509616389457215,
        "energy_l2": 0.845153774538091,
        "energy_l1": 0.7502445130020359,
        "ts_theta": 0.30000000000000004,
        "ts_x": 1.2000000000000002,
        "os_theta": NaN,
        "max_theta": 0.05,
        "max_x": 0.1046348261207499,
        "ctrl_time": 0.0005997999105602503,
        "sim_time": 0.003057599999010563
    },
    "PD-LQR_Nominal": {
        "mse_theta": 3.650393396029833e-05,
        "mae_theta": 0.0014944843146534323,
        "mse_x": 0.0004795477772938143,
        "mae_x": 0.00941789482831169,
        "iae_theta": 0.01259427511704062,
        "ise_theta": 0.00024368973299359372,
        "iae_x": 0.09012059342650601,
        "ise_x": 0.004343432550250845,
        "energy_l2": 1.4777516980827008,
        "energy_l1": 0.6754472424292485,
        "ts_theta": 0.2,
        "ts_x": 2.2,
        "os_theta": NaN,
        "max_theta": 0.05,
        "max_x": 0.09999711321115838,
        "ctrl_time": 0.000782001530751586,
        "sim_time": 0.003490299917757511
    },
    "MPC_Nominal": {
        "mse_theta": 6.146590795038279e-05,
        "mae_theta": 0.0025122034561224182,
        "mse_x": 0.0003752418604418222,
        "mae_x": 0.007065648161533688,
        "iae_theta": 0.022871683324068342,
        "ise_theta": 0.0004958056209014182,
        "iae_x": 0.06625498993498347,
        "ise_x": 0.0032897092663336583,
        "energy_l2": 0.5633657696295274,
        "energy_l1": 0.6603382909519006,
        "ts_theta": 1.2000000000000002,
        "ts_x": 0.9,
        "os_theta": NaN,
        "max_theta": 0.05,
        "max_x": 0.1110099093795357,
        "ctrl_time": 0.791396799730137,
        "sim_time": 0.79417570005171
    },
    "MPC-J2 (r=0)_Nominal": {
        "mse_theta": 5.454409582374945e-05,
        "mae_theta": 0.0022384280845259676,
        "mse_x": 0.00046178279731189217,
        "mae_x": 0.011647298373352561,
        "iae_theta": 0.020103302965101624,
        "ise_theta": 0.0004258949030390959,
        "iae_x": 0.1114237413503123,
        "ise_x": 0.00413453168180484,
        "energy_l2": 0.621713801990239,
        "energy_l1": 0.6548213993403361,
        "ts_theta": 1.1,
        "ts_x": 1.0,
        "os_theta": NaN,
        "max_theta": 0.05,
        "max_x": 0.12427944441097058,
        "ctrl_time": 2.1225609986577183,
        "sim_time": 2.1259365000296384
    },
    "MPC-J2 (r=1e-4)_Nominal": {
        "mse_theta": 5.666645100151362e-05,
        "mae_theta": 0.0023342163118594238,
        "mse_x": 0.0003742601853219466,
        "mae_x": 0.00716695092353267,
        "iae_theta": 0.021066902815708305,
        "ise_theta": 0.000447329647595703,
        "iae_x": 0.06725951232182802,
        "ise_x": 0.0032797068544647254,
        "energy_l2": 0.5693731447820448,
        "energy_l1": 0.594091015265509,
        "ts_theta": 1.1,
        "ts_x": 1.0,
        "os_theta": NaN,
        "max_theta": 0.05,
        "max_x": 0.10453553077474206,
        "ctrl_time": 1.6051981991622597,
        "sim_time": 1.6083976000081748
    },
    "Fuzzy-LQR_Nominal": {
        "mse_theta": 7.456531486187983e-05,
        "mae_theta": 0.002526095874954243,
        "mse_x": 0.00036822884736499464,
        "mae_x": 0.006176526320363723,
        "iae_theta": 0.023013566753579368,
        "ise_theta": 0.0006281096801049363,
        "iae_x": 0.05738288987501265,
        "ise_x": 0.0032191113583729673,
        "energy_l2": 2.8448888334478424,
        "energy_l1": 1.597438434127119,
        "ts_theta": 0.7000000000000001,
        "ts_x": 1.2000000000000002,
        "os_theta": NaN,
        "max_theta": 0.05,
        "max_x": 0.1026938622483917,
        "ctrl_time": 0.002734500914812088,
        "sim_time": 0.005363899981603026
    },
    "PD-PD_Wind": {
        "mse_theta": 0.0006011866714296347,
        "mae_theta": 0.01912517996119932,
        "mse_x": 0.004655085530679433,
        "mae_x": 0.05471286829202782,
        "iae_theta": 0.18980574224151445,
        "ise_theta": 0.005932242348236709,
        "iae_x": 0.5470995188688279,
        "ise_x": 0.04651135483818335,
        "energy_l2": 15.391596628460855,
        "energy_l1": 9.59044308242267,
        "ts_theta": 1.1,
        "ts_x": 4.1000000000000005,
        "os_theta": NaN,
        "max_theta": 0.06820579775157479,
        "max_x": 0.262137034684645,
        "ctrl_time": 0.0005576994735747576,
        "sim_time": 0.0036635000724345446
    },
    "PD-LQR_Wind": {
        "mse_theta": 0.0004444941180374996,
        "mae_theta": 0.016453265428849673,
        "mse_x": 0.0032764476737588296,
        "mae_x": 0.04627428339116509,
        "iae_theta": 0.16304083209384,
        "ise_theta": 0.0043562714219037265,
        "iae_x": 0.4620038936573887,
        "ise_x": 0.032589436986039895,
        "energy_l2": 11.730319729841156,
        "energy_l1": 8.224114831835951,
        "ts_theta": 1.0,
        "ts_x": 3.5,
        "os_theta": NaN,
        "max_theta": 0.060171180648257674,
        "max_x": 0.22188757944088397,
        "ctrl_time": 0.0008092995267361403,
        "sim_time": 0.004542500013485551
    },
    "MPC_Wind": {
        "mse_theta": 0.000580324831359302,
        "mae_theta": 0.018325241835248536,
        "mse_x": 0.01772237056087626,
        "mae_x": 0.11150151840455116,
        "iae_theta": 0.1821487648165261,
        "ise_theta": 0.005732475776669464,
        "iae_x": 1.1142433667125822,
        "ise_x": 0.1775376695201045,
        "energy_l2": 12.592346500083126,
        "energy_l1": 8.76250366779371,
        "ts_theta": 1.5,
        "ts_x": 4.9,
        "os_theta": NaN,
        "max_theta": 0.06234598023122046,
        "max_x": 0.4038859261631667,
        "ctrl_time": 3.5124973002821207,
        "sim_time": 3.517683899961412
    },
    "MPC-J2 (r=0)_Wind": {
        "mse_theta": 0.0006677376228610268,
        "mae_theta": 0.02100895631680838,
        "mse_x": 0.003174453037319949,
        "mae_x": 0.045820288761583484,
        "iae_theta": 0.20847722262821453,
        "ise_theta": 0.006589711150737219,
        "iae_x": 0.45615731172036394,
        "ise_x": 0.031508993731078884,
        "energy_l2": 14.42651834290085,
        "energy_l1": 9.718831752727539,
        "ts_theta": 1.5,
        "ts_x": 4.2,
        "os_theta": NaN,
        "max_theta": 0.06576754606117007,
        "max_x": 0.2317687910954412,
        "ctrl_time": 9.661850000033155,
        "sim_time": 9.66706379991956
    },
    "MPC-J2 (r=1e-4)_Wind": {
        "mse_theta": 0.0006850173089933955,
        "mae_theta": 0.021278607669083644,
        "mse_x": 0.0032158833064731096,
        "mae_x": 0.04596779954112611,
        "iae_theta": 0.21124252450056097,
        "ise_theta": 0.006766230654508129,
        "iae_x": 0.4576383545646489,
        "ise_x": 0.03192686393463751,
        "energy_l2": 15.046107695408065,
        "energy_l1": 9.973838279994085,
        "ts_theta": 1.6,
        "ts_x": 4.2,
        "os_theta": NaN,
        "max_theta": 0.06828084279444205,
        "max_x": 0.23296159334643893,
        "ctrl_time": 9.853032002225518,
        "sim_time": 9.857980799861252
    },
    "Fuzzy-LQR_Wind": {
        "mse_theta": 0.00030693530419367864,
        "mae_theta": 0.01368129560923941,
        "mse_x": 0.004401785912343942,
        "mae_x": 0.05474657605474216,
        "iae_theta": 0.13488355365226665,
        "ise_theta": 0.0029623254265021344,
        "iae_x": 0.5468078407101962,
        "ise_x": 0.043932383081399566,
        "energy_l2": 85.88725157185874,
        "energy_l1": 15.116786408698564,
        "ts_theta": 1.0,
        "ts_x": 3.7,
        "os_theta": NaN,
        "max_theta": 0.05,
        "max_x": 0.24185876185116614,