{
    "PD-PD_Nominal": {
        "mse_theta": 4.6566368760730815e-05,
        "mae_theta": 0.0019144370137426736,
        "mse_x": 0.0004010853107870566,
        "mae_x": 0.00682776748412349,
        "iae_theta": 0.016835813147130195,
        "ise_theta": 0.00034532032448337163,
        "iae_x": 0.06396043826597776,
        "ise_x": 0.0035509616389457215,
        "energy_l2": 0.845153774538091,
        "energy_l1": 0.7502445130020359,
        "ts_theta": 0.30000000000000004,
        "ts_x": 1.2000000000000002,
        "os_theta": NaN,
        "max_theta": 0.05,
        "max_x": 0.1046348261207499,
        "ctrl_time": 0.0006072993855923414,
        "sim_time": 0.0032057000789791346
    },
    "PD-LQR_Nominal": {
        "mse_theta": 3.650393396029833e-05,
        "mae_theta": 0.0014944843146534323,
        "mse_x": 0.0004795477772938143,
        "mae_x": 0.00941789482831169,
        "iae_theta": 0.01259427511704062,
        "ise_theta": 0.00024368973299359372,
        "iae_x": 0.09012059342650601,
        "ise_x": 0.004343432550250845,
        "energy_l2": 1.4777516980827008,
        "energy_l1": 0.6754472424292485,
        "ts_theta": 0.2,
        "ts_x": 2.2,
        "os_theta": NaN,
        "max_theta": 0.05,
        "max_x": 0.09999711321115838,
        "ctrl_time": 0.0008633022662252188,
        "sim_time": 0.0038069000001996756
    },
    "MPC_Nominal": {
        "mse_theta": 6.191508012137148e-05,
        "mae_theta": 0.002547562318046811,
        "mse_x": 0.00038014992805874865,
        "mae_x": 0.007134438532758476,
        "iae_theta": 0.02323006806766337,
        "ise_theta": 0.0005003423072871429,
        "iae_x": 0.06705145823676559,
        "ise_x": 0.0033395134616147886,
        "energy_l2": 0.5576188599825178,
        "energy_l1": 0.6626463128701199,
        "ts_theta": 1.2000000000000002,
        "ts_x": 2.2,
        "os_theta": NaN,
        "max_theta": 0.05,
        "max_x": 0.11296139675736344,
        "ctrl_time": 0.9315179998520762,
        "sim_time": 0.9347959000151604
    },
    "MPC-J2 (r=0)_Nominal": {
        "mse_theta": 5.15297809427243e-05,
        "mae_theta": 0.0020830829272442644,
        "mse_x": 0.0003787545214813097,
        "mae_x": 0.006333683532843056,
        "iae_theta": 0.018538357383850113,
        "ise_theta": 0.0003954507753478575,
        "iae_x": 0.05889870489384098,
        "ise_x": 0.0033253184254278803,
        "energy_l2": 0.5913173452482671,
        "energy_l1": 0.5512957358595981,
        "ts_theta": 0.30000000000000004,
        "ts_x": 1.1,
        "os_theta": NaN,
        "max_theta": 0.05,
        "max_x": 0.10082220791068536,
        "ctrl_time": 1.9006106003653258,
        "sim_time": 1.9040871001780033
    },
    "MPC-J2 (r=1e-4)_Nominal": {
        "mse_theta": 5.353022387877802e-05,
        "mae_theta": 0.0021619899627732505,
        "mse_x": 0.00037767433690419426,
        "mae_x": 0.007065713018232802,
        "iae_theta": 0.019335112037601576,
        "ise_theta": 0.00041565524170860324,
        "iae_x": 0.06609276745842244,
        "ise_x": 0.00331304269780641,
        "energy_l2": 0.5672339229039217,
        "energy_l1": 0.5214936262027846,
        "ts_theta": 1.0,
        "ts_x": 1.0,
        "os_theta": NaN,
        "max_theta": 0.05,
        "max_x": 0.10541868051457691,
        "ctrl_time": 2.1615564993117005,
        "sim_time": 2.1651264999527484
    },
    "Fuzzy-LQR_Nominal": {
        "mse_theta": 9.319275415936786e-05,
        "mae_theta": 0.002882308343714762,
        "mse_x": 0.0003505243331463927,
        "mae_x": 0.005240700484673868,
        "iae_theta": 0.026611314056028637,
        "ise_theta": 0.0008162468170096145,
        "iae_x": 0.04793107478502926,
        "ise_x": 0.0030402957647785666,
        "energy_l2": 2.7544012360937065,
        "energy_l1": 1.4183636264956678,
        "ts_theta": 0.8,
        "ts_x": 1.0,
        "os_theta": NaN,
        "max_theta": 0.05,
        "max_x": 0.10082565452065209,
        "ctrl_time": 0.0031091005075722933,
        "sim_time": 0.006049299845471978
    },
    "PD-PD_Wind": {
        "mse_theta": 0.0006011866714296347,
        "mae_theta": 0.01912517996119932,
        "mse_x": 0.004655085530679433,
        "mae_x": 0.05471286829202782,
        "iae_theta": 0.18980574224151445,
        "ise_theta": 0.005932242348236709,
        "iae_x": 0.5470995188688279,
        "ise_x": 0.04651135483818335,
        "energy_l2": 15.391596628460855,
        "energy_l1": 9.59044308242267,
        "ts_theta": 1.1,
        "ts_x": 4.1000000000000005,
        "os_theta": NaN,
        "max_theta": 0.06820579775157479,
        "max_x": 0.262137034684645,
        "ctrl_time": 0.000658001285046339,
        "sim_time": 0.004397399956360459
    },
    "PD-LQR_Wind": {
        "mse_theta": 0.0004444941180374996,
        "mae_theta": 0.016453265428849673,
        "mse_x": 0.0032764476737588296,
        "mae_x": 0.04627428339116509,
        "iae_theta": 0.16304083209384,
        "ise_theta": 0.0043562714219037265,
        "iae_x": 0.4620038936573887,
        "ise_x": 0.032589436986039895,
        "energy_l2": 11.730319729841156,
        "energy_l1": 8.224114831835951,
        "ts_theta": 1.0,
        "ts_x": 3.5,
        "os_theta": NaN,
        "max_theta": 0.060171180648257674,
        "max_x": 0.22188757944088397,
        "ctrl_time": 0.0008174993563443422,
        "sim_time": 0.004550599958747625
    },
    "MPC_Wind": {
        "mse_theta": 0.0005781236554509859,
        "mae_theta": 0.018255527517150528,
        "mse_x": 0.01842532549601697,
        "mae_x": 0.11373047437686666,
        "iae_theta": 0.18150986409978603,
        "ise_theta": 0.005711296636889017,
        "iae_x": 1.1363791882529384,
        "ise_x": 0.18453039540833951,
        "energy_l2": 12.439198899564406,
        "energy_l1": 8.68605590312848,
        "ts_theta": 1.5,
        "ts_x": 4.9,
        "os_theta": NaN,
        "max_theta": 0.062455362539367176,
        "max_x": 0.4093822686530615,
        "ctrl_time": 3.6271857009269297,
        "sim_time": 3.6325727999210358
    },
    "MPC-J2 (r=0)_Wind": {
        "mse_theta": 0.0006590086165489802,
        "mae_theta": 0.02024508030663137,
        "mse_x": 0.004623566671083489,
        "mae_x": 0.05487603616985619,
        "iae_theta": 0.20064231348187558,
        "ise_theta": 0.0064954493743073875,
        "iae_x": 0.5482393331854964,
        "ise_x": 0.04617767660246782,
        "energy_l2": 17.31097685719941,
        "energy_l1": 9.838516272061428,
        "ts_theta": 1.2000000000000002,
        "ts_x": 4.2,
        "os_theta": NaN,
        "max_theta": 0.06468332683221882,
        "max_x": 0.26305508036121533,
        "ctrl_time": 10.96465229918249,
        "sim_time": 10.969863600097597
    },
    "MPC-J2 (r=1e-4)_Wind": {
        "mse_theta": 0.0006420802838361672,
        "mae_theta": 0.02008190539870241,
        "mse_x": 0.004750414409051058,
        "mae_x": 0.05648946249183056,
        "iae_theta": 0.19896941142499766,
        "ise_theta": 0.006323136652093164,
        "iae_x": 0.5645910170759486,
        "ise_x": 0.04746103834546948,
        "energy_l2": 14.869047312957676,
        "energy_l1": 9.330292738028298,
        "ts_theta": 1.2000000000000002,
        "ts_x": 4.3,
        "os_theta": NaN,
        "max_theta": 0.06295871455102178,
        "max_x": 0.26221082792576716,
        "ctrl_time": 8.70325900055468,
        "sim_time": 8.707933499943465
    },
    "Fuzzy-LQR_Wind": {
        "mse_theta": 0.00035725369048697617,
        "mae_theta": 0.014837518529207406,
        "mse_x": 0.0036318282371460555,
        "mae_x": 0.04895965110501659,
        "iae_theta": 0.14650187446790663,
        "ise_theta": 0.0034685711452693063,
        "iae_x": 0.48910242423500017,
        "ise_x": 0.03617842238508082,
        "energy_l2": 25.36657448948534,
        "energy_l1": 9.720251381319757,
        "ts_theta": 1.0,
        "ts_x": 3.6,
        "os_theta": NaN,
        "max_theta": 0.050822095023069565,