{
    "PD-PD_Nominal": {
        "mse_theta": 4.6566368760730815e-05,
        "mae_theta": 0.0019144370137426736,
        "mse_x": 0.0004010853107870566,
        "mae_x": 0.00682776748412349,
        "iae_theta": 0.016835813147130195,
        "ise_theta": 0.00034532032448337163,
        "iae_x": 0.06396043826597776,
        "ise_x": 0.0035509616389457215,
        "energy_l2": 0.845153774538091,
        "energy_l1": 0.7502445130020359,
        "ts_theta": 0.30000000000000004,
        "ts_x": 1.2000000000000002,
        "os_theta": NaN,
        "max_theta": 0.05,
        "max_x": 0.1046348261207499,
        "ctrl_time": 0.0007412007544189692,
        "sim_time": 0.003670299891382456
    },
    "PD-LQR_Nominal": {
        "mse_theta": 3.650393396029833e-05,
        "mae_theta": 0.0014944843146534323,
        "mse_x": 0.0004795477772938143,
        "mae_x": 0.00941789482831169,
        "iae_theta": 0.01259427511704062,
        "ise_theta": 0.00024368973299359372,
        "iae_x": 0.09012059342650601,
        "ise_x": 0.004343432550250845,
        "energy_l2": 1.4777516980827008,
        "energy_l1": 0.6754472424292485,
        "ts_theta": 0.2,
        "ts_x": 2.2,
        "os_theta": NaN,
        "max_theta": 0.05,
        "max_x": 0.09999711321115838,
        "ctrl_time": 0.0008977011311799288,
        "sim_time": 0.003971299855038524
    },
    "MPC_Nominal": {
        "mse_theta": 6.146590795038279e-05,
        "mae_theta": 0.0025122034561224182,
        "mse_x": 0.0003752418604418222,
        "mae_x": 0.007065648161533688,
        "iae_theta": 0.022871683324068342,
        "ise_theta": 0.0004958056209014182,
        "iae_x": 0.06625498993498347,
        "ise_x": 0.0032897092663336583,
        "energy_l2": 0.5633657696295274,
        "energy_l1": 0.6603382909519006,
        "ts_theta": 1.2000000000000002,
        "ts_x": 0.9,
        "os_theta": NaN,
        "max_theta": 0.05,
        "max_x": 0.1110099093795357,
        "ctrl_time": 1.0218475018627942,
        "sim_time": 1.025288299890235
    },
    "MPC-J2 (r=0)_Nominal": {
        "mse_theta": 5.15297809427243e-05,
        "mae_theta": 0.0020830829272442644,
        "mse_x": 0.0003787545214813097,
        "mae_x": 0.006333683532843056,
        "iae_theta": 0.018538357383850113,
        "ise_theta": 0.0003954507753478575,
        "iae_x": 0.05889870489384098,
        "ise_x": 0.0033253184254278803,
        "energy_l2": 0.5913173452482671,
        "energy_l1": 0.5512957358595981,
        "ts_theta": 0.30000000000000004,
        "ts_x": 1.1,
        "os_theta": NaN,
        "max_theta": 0.05,
        "max_x": 0.10082220791068536,
        "ctrl_time": 1.7713260012678802,
        "sim_time": 1.7743218000978231
    },
    "MPC-J2 (r=1e-4)_Nominal": {
        "mse_theta": 5.353022387877802e-05,
        "mae_theta": 0.0021619899627732505,
        "mse_x": 0.00037767433690419426,
        "mae_x": 0.007065713018232802,
        "iae_theta": 0.019335112037601576,
        "ise_theta": 0.00041565524170860324,
        "iae_x": 0.06609276745842244,
        "ise_x": 0.00331304269780641,
        "energy_l2": 0.5672339229039217,
        "energy_l1": 0.5214936262027846,
        "ts_theta": 1.0,
        "ts_x": 1.0,
        "os_theta": NaN,
        "max_theta": 0.05,
        "max_x": 0.10541868051457691,
        "ctrl_time": 2.289100300287828,
        "sim_time": 2.292889499804005
    },
    "Fuzzy-LQR_Nominal": {
        "mse_theta": 7.456531486187983e-05,
        "mae_theta": 0.002526095874954243,
        "mse_x": 0.00036822884736499464,
        "mae_x": 0.006176526320363723,
        "iae_theta": 0.023013566753579368,
        "ise_theta": 0.0006281096801049363,
        "iae_x": 0.05738288987501265,
        "ise_x": 0.0032191113583729673,
        "energy_l2": 2.8448888334478424,
        "energy_l1": 1.597438434127119,
        "ts_theta": 0.7000000000000001,
        "ts_x": 1.2000000000000002,
        "os_theta": NaN,
        "max_theta": 0.05,
        "max_x": 0.1026938622483917,
        "ctrl_time": 0.0036182014737278223,
        "sim_time": 0.007059699855744839
    },
    "PD-PD_Wind": {
        "mse_theta": 0.0006011866714296347,
        "mae_theta": 0.01912517996119932,
        "mse_x": 0.004655085530679433,
        "mae_x": 0.05471286829202782,
        "iae_theta": 0.18980574224151445,
        "ise_theta": 0.005932242348236709,
        "iae_x": 0.5470995188688279,
        "ise_x": 0.04651135483818335,
        "energy_l2": 15.391596628460855,
        "energy_l1": 9.59044308242267,
        "ts_theta": 1.1,
        "ts_x": 4.1000000000000005,
        "os_theta": NaN,
        "max_theta": 0.06820579775157479,
        "max_x": 0.262137034684645,
        "ctrl_time": 0.0007355010602623224,
        "sim_time": 0.004906599875539541
    },
    "PD-LQR_Wind": {
        "mse_theta": 0.0004444941180374996,
        "mae_theta": 0.016453265428849673,
        "mse_x": 0.0032764476737588296,
        "mae_x": 0.04627428339116509,
        "iae_theta": 0.16304083209384,
        "ise_theta": 0.0043562714219037265,
        "iae_x": 0.4620038936573887,
        "ise_x": 0.032589436986039895,
        "energy_l2": 11.730319729841156,
        "energy_l1": 8.224114831835951,
        "ts_theta": 1.0,
        "ts_x": 3.5,
        "os_theta": NaN,
        "max_theta": 0.060171180648257674,
        "max_x": 0.22188757944088397,
        "ctrl_time": 0.0010451003909111023,
        "sim_time": 0.005561799975112081
    },
    "MPC_Wind": {
        "mse_theta": 0.000580324831359302,
        "mae_theta": 0.018325241835248536,
        "mse_x": 0.01772237056087626,
        "mae_x": 0.11150151840455116,
        "iae_theta": 0.1821487648165261,
        "ise_theta": 0.005732475776669464,
        "iae_x": 1.1142433667125822,
        "ise_x": 0.1775376695201045,
        "energy_l2": 12.592346500083126,
        "energy_l1": 8.76250366779371,
        "ts_theta": 1.5,
        "ts_x": 4.9,
        "os_theta": NaN,
        "max_theta": 0.06234598023122046,
        "max_x": 0.4038859261631667,
        "ctrl_time": 4.4139464006293565,
        "sim_time": 4.420871299924329
    },
    "MPC-J2 (r=0)_Wind": {
        "mse_theta": 0.0006590086165489802,
        "mae_theta": 0.02024508030663137,
        "mse_x": 0.004623566671083489,
        "mae_x": 0.05487603616985619,
        "iae_theta": 0.20064231348187558,
        "ise_theta": 0.0064954493743073875,
        "iae_x": 0.5482393331854964,
        "ise_x": 0.04617767660246782,
        "energy_l2": 17.31097685719941,
        "energy_l1": 9.838516272061428,
        "ts_theta": 1.2000000000000002,
        "ts_x": 4.2,
        "os_theta": NaN,
        "max_theta": 0.06468332683221882,
        "max_x": 0.26305508036121533,
        "ctrl_time": 13.544611802091822,
        "sim_time": 13.551180500071496
    },
    "MPC-J2 (r=1e-4)_Wind": {
        "mse_theta": 0.0006420802838361672,
        "mae_theta": 0.02008190539870241,
        "mse_x": 0.004750414409051058,
        "mae_x": 0.05648946249183056,
        "iae_theta": 0.19896941142499766,
        "ise_theta": 0.006323136652093164,
        "iae_x": 0.5645910170759486,
        "ise_x": 0.04746103834546948,
        "energy_l2": 14.869047312957676,
        "energy_l1": 9.330292738028298,
        "ts_theta": 1.2000000000000002,
        "ts_x": 4.3,
        "os_theta": NaN,
        "max_theta": 0.06295871455102178,
        "max_x": 0.26221082792576716,
        "ctrl_time": 11.053945900639519,
        "sim_time": 11.060018599964678
    },
    "Fuzzy-LQR_Wind": {
        "mse_theta": 0.00030693530419367864,
        "mae_theta": 0.01368129560923941,
        "mse_x": 0.004401785912343942,
        "mae_x": 0.05474657605474216,
        "iae_theta": 0.13488355365226665,
        "ise_theta": 0.0029623254265021344,
        "iae_x": 0.5468078407101962,
        "ise_x": 0.043932383081399566,
        "energy_l2": 85.88725157185874,
        "energy_l1": 15.116786408698564,
        "ts_theta": 1.0,
        "ts_x": 3.7,
        "os_theta": NaN,
        "max_theta": 0.05,