{
    "PID-PID_Nominal": {
        "mse_theta": 0.00011396620896213263,
        "mae_theta": 0.004768902187202272,
        "mse_x": 0.0005081331490774683,
        "mae_x": 0.010125901529594068,
        "iae_theta": 0.0456650428131583,
        "ise_theta": 0.0010260586954046694,
        "iae_x": 0.09719438773206479,
        "ise_x": 0.0046320255541665665,
        "energy_l2": 0.950458940902568,
        "energy_l1": 1.3567510141918517,
        "ts_theta": 1.6,
        "ts_x": 2.0,
        "os_theta": NaN,
        "max_theta": 0.05,
        "max_x": 0.14555986260636983,
        "ctrl_time": 0.0012811976484954357,
        "sim_time": 0.00397459976375103
    },
    "PID-LQR_Nominal": {
        "mse_theta": 5.571799925997881e-05,
        "mae_theta": 0.0026550285535194176,
        "mse_x": 0.000541259864780111,
        "mae_x": 0.01266296057890733,
        "iae_theta": 0.02431483534449797,
        "ise_theta": 0.00043775177435985055,
        "iae_x": 0.1228535106919689,
        "ise_x": 0.004966688694078685,
        "energy_l2": 0.5076989503432215,
        "energy_l1": 0.6395353841265544,
        "ts_theta": 0.4,
        "ts_x": 3.9000000000000004,
        "os_theta": NaN,
        "max_theta": 0.05,
        "max_x": 0.1329016533769857,
        "ctrl_time": 0.0011879028752446175,
        "sim_time": 0.004092799965292215
    },
    "MPC_Nominal": {
        "mse_theta": 6.191508012137148e-05,
        "mae_theta": 0.002547562318046811,
        "mse_x": 0.00038014992805874865,
        "mae_x": 0.007134438532758476,
        "iae_theta": 0.02323006806766337,
        "ise_theta": 0.0005003423072871429,
        "iae_x": 0.06705145823676559,
        "ise_x": 0.0033395134616147886,
        "energy_l2": 0.5576188599825178,
        "energy_l1": 0.6626463128701199,
        "ts_theta": 1.2000000000000002,
        "ts_x": 2.2,
        "os_theta": NaN,
        "max_theta": 0.05,
        "max_x": 0.11296139675736344,
        "ctrl_time": 1.0201276992447674,
        "sim_time": 1.0237098997458816
    },
    "MPC-J2_Nominal": {
        "mse_theta": 6.675122841288337e-05,
        "mae_theta": 0.003067551455711676,
        "mse_x": 0.0007334068866415317,
        "mae_x": 0.015941047891704606,
        "iae_theta": 0.028481351521858902,
        "ise_theta": 0.0005491873901090012,
        "iae_x": 0.15600254278287726,
        "ise_x": 0.006907409471772111,
        "energy_l2": 0.514989892817267,
        "energy_l1": 0.7537895085339794,
        "ts_theta": 0.4,
        "ts_x": 4.3,
        "os_theta": NaN,
        "max_theta": 0.05,
        "max_x": 0.146930869134617,
        "ctrl_time": 1.3231553002260625,
        "sim_time": 1.3268877998925745
    },
    "Fuzzy-LQR_Nominal": {
        "mse_theta": 0.00016888425925760584,
        "mae_theta": 0.00513420325202564,
        "mse_x": 0.0009271852144297282,
        "mae_x": 0.01686768797580268,
        "iae_theta": 0.04935486691305858,
        "ise_theta": 0.0015807310116354833,
        "iae_x": 0.16536014826411038,
        "ise_x": 0.008864570420699444,
        "energy_l2": 2.859572930541723,
        "energy_l1": 1.813102890634405,
        "ts_theta": 1.5,
        "ts_x": 3.3000000000000003,
        "os_theta": NaN,
        "max_theta": 0.052472408439333644,
        "max_x": 0.16358725999823504,
        "ctrl_time": 0.0031422018073499203,
        "sim_time": 0.006115600001066923
    },
    "LMPC_Nominal": {
        "mse_theta": 8.272519927174814e-05,
        "mae_theta": 0.0032098987363456746,
        "mse_x": 0.00038719099819680677,
        "mae_x": 0.007028199922347139,
        "iae_theta": 0.029918475385789418,
        "ise_theta": 0.0007105244675335094,
        "iae_x": 0.06598234993488686,
        "ise_x": 0.0034106289598407934,
        "energy_l2": 0.7899397169516654,
        "energy_l1": 0.9198940697958164,
        "ts_theta": 1.3,
        "ts_x": 2.1,
        "os_theta": NaN,
        "max_theta": 0.05,
        "max_x": 0.12012534131409802,
        "ctrl_time": 0.2510498012416065,
        "sim_time": 0.25494830030947924
    },
    "PID-PID_Wind": {
        "mse_theta": 0.0014574792319020982,
        "mae_theta": 0.030989984219862928,
        "mse_x": 0.04381840642389349,
        "mae_x": 0.17793767567518187,
        "iae_theta": 0.30988308098281286,
        "ise_theta": 0.014587957043580253,
        "iae_x": 1.7775468879261087,
        "ise_x": 0.43778889005409727,
        "energy_l2": 22.775825258120765,
        "energy_l1": 12.272201652805876,
        "ts_theta": 4.7,
        "ts_x": NaN,
        "os_theta": NaN,
        "max_theta": 0.090056231084365,
        "max_x": 0.559971296596556,
        "ctrl_time": 0.0013969987630844116,
        "sim_time": 0.005319599993526936
    },
    "PID-LQR_Wind": {
        "mse_theta": 0.00048083302565030215,
        "mae_theta": 0.016180049767654744,
        "mse_x": 0.028812318687543217,
        "mae_x": 0.14493483411042346,
        "iae_theta": 0.16018111306052946,
        "ise_theta": 0.004720538690837148,
        "iae_x": 1.4456502673124694,
        "ise_x": 0.2870240751154878,
        "energy_l2": 10.520551307254538,
        "energy_l1": 7.974932774617138,
        "ts_theta": 1.9000000000000001,
        "ts_x": NaN,
        "os_theta": NaN,
        "max_theta": 0.05912995613672946,
        "max_x": 0.4687717440172121,
        "ctrl_time": 0.001165598165243864,
        "sim_time": 0.004981199745088816
    },
    "MPC_Wind": {
        "mse_theta": 0.0005781236554509859,
        "mae_theta": 0.018255527517150528,
        "mse_x": 0.01842532549601697,
        "mae_x": 0.11373047437686666,
        "iae_theta": 0.18150986409978603,
        "ise_theta": 0.005711296636889017,
        "iae_x": 1.1363791882529384,
        "ise_x": 0.18453039540833951,
        "energy_l2": 12.439198899564406,
        "energy_l1": 8.68605590312848,
        "ts_theta": 1.5,
        "ts_x": 4.9,
        "os_theta": NaN,
        "max_theta": 0.062455362539367176,
        "max_x": 0.4093822686530615,
        "ctrl_time": 3.8031454985029995,
        "sim_time": 3.808703899849206
    },
    "MPC-J2_Wind": {
        "mse_theta": 0.0006307200969901892,
        "mae_theta": 0.018782831814204915,
        "mse_x": 0.04383154469804683,
        "mae_x": 0.17607298808018995,
        "iae_theta": 0.1860681584492761,
        "ise_theta": 0.0062193519360448715,
        "iae_x": 1.7544705040482624,
        "ise_x": 0.43507957251529733,
        "energy_l2": 12.265599112120173,
        "energy_l1": 8.731170952792336,
        "ts_theta": 1.9000000000000001,
        "ts_x": NaN,
        "os_theta": NaN,
        "max_theta": 0.06714836143734745,
        "max_x": 0.5699258361854898,
        "ctrl_time": 2.6260586008429527,
        "sim_time": 2.6313877999782562
    },
    "Fuzzy-LQR_Wind": {
        "mse_theta": 0.0003718181978059902,
        "mae_theta": 0.014380569403309075,
        "mse_x": 0.010586497891920225,
        "mae_x": 0.08539512913095633,
        "iae_theta": 0.1424608922522904,
        "ise_theta": 0.0036287636167180995,
        "iae_x": 0.853133406230238,
        "ise_x": 0.10604389036310723,
        "energy_l2": 10.064152580561466,
        "energy_l1": 7.659752559132989,
        "ts_theta": 1.2000000000000002,
        "ts_x": NaN,
        "os_theta": NaN,
        "max_theta": 0.05188526158656841,
        "max_x": 0.337231666729559,
        "ctrl_time": 0.0031726998277008533,
        "sim_time": 0.007137299980968237
    },
    "LMPC_Wind": {
        "mse_theta": 0.0011758298560183794,
        "mae_theta": 0.02739718150941557,
        "mse_x": 0.015510508791609407,
        "mae_x": 0.10193708997566026,
        "iae_theta": 0.2725882072734184,
        "ise_theta": 0.011698177801579088,
        "iae_x": 1.0227907556795148,
        "ise_x": 0.15609320770064583,
        "energy_l2": 22.74390390752454,
        "energy_l1": 12.12103893860336,
        "ts_theta": 1.5,
        "ts_x": NaN,
        "os_theta": NaN,
        "max_theta": 0.08538868134647308,
        "max_x": 0.39981179043164317,