{
    "PD-PD_Nominal": {
        "mse_theta": 0.00011396620896213263,
        "mae_theta": 0.004768902187202272,
        "mse_x": 0.0005081331490774683,
        "mae_x": 0.010125901529594068,
        "iae_theta": 0.0456650428131583,
        "ise_theta": 0.0010260586954046694,
        "iae_x": 0.09719438773206479,
        "ise_x": 0.0046320255541665665,
        "energy_l2": 0.950458940902568,
        "energy_l1": 1.3567510141918517,
        "ts_theta": 1.6,
        "ts_x": 2.0,
        "os_theta": NaN,
        "max_theta": 0.05,
        "max_x": 0.14555986260636983,
        "ctrl_time": 0.0012322021648287773,
        "sim_time": 0.0038652000948786736
    },
    "PD-LQR_Nominal": {
        "mse_theta": 5.571799925997881e-05,
        "mae_theta": 0.0026550285535194176,
        "mse_x": 0.000541259864780111,
        "mae_x": 0.01266296057890733,
        "iae_theta": 0.02431483534449797,
        "ise_theta": 0.00043775177435985055,
        "iae_x": 0.1228535106919689,
        "ise_x": 0.004966688694078685,
        "energy_l2": 0.5076989503432215,
        "energy_l1": 0.6395353841265544,
        "ts_theta": 0.4,
        "ts_x": 3.9000000000000004,
        "os_theta": NaN,
        "max_theta": 0.05,
        "max_x": 0.1329016533769857,
        "ctrl_time": 0.001140098087489605,
        "sim_time": 0.0037887003272771835
    },
    "MPC_Nominal": {
        "mse_theta": 6.191508012137148e-05,
        "mae_theta": 0.002547562318046811,
        "mse_x": 0.00038014992805874865,
        "mae_x": 0.007134438532758476,
        "iae_theta": 0.02323006806766337,
        "ise_theta": 0.0005003423072871429,
        "iae_x": 0.06705145823676559,
        "ise_x": 0.0033395134616147886,
        "energy_l2": 0.5576188599825178,
        "energy_l1": 0.6626463128701199,
        "ts_theta": 1.2000000000000002,
        "ts_x": 2.2,
        "os_theta": NaN,
        "max_theta": 0.05,
        "max_x": 0.11296139675736344,
        "ctrl_time": 0.9282085001468658,
        "sim_time": 0.9313606997020543
    },
    "MPC-J2_Nominal": {
        "mse_theta": 6.203446303273028e-05,
        "mae_theta": 0.002565028482719965,
        "mse_x": 0.0003819675477466895,
        "mae_x": 0.0074255302326322265,
        "iae_theta": 0.023405444439804093,
        "ise_theta": 0.0005015480405449346,
        "iae_x": 0.06991912880251043,
        "ise_x": 0.003357748274857277,
        "energy_l2": 0.5571539281177894,
        "energy_l1": 0.6667409452513151,
        "ts_theta": 1.2000000000000002,
        "ts_x": 2.2,
        "os_theta": NaN,
        "max_theta": 0.05,
        "max_x": 0.11347162173139878,
        "ctrl_time": 1.0637948997318745,
        "sim_time": 1.0675029000267386
    },
    "Fuzzy-LQR_Nominal": {
        "mse_theta": 0.00016888425925760584,
        "mae_theta": 0.00513420325202564,
        "mse_x": 0.0009271852144297282,
        "mae_x": 0.01686768797580268,
        "iae_theta": 0.04935486691305858,
        "ise_theta": 0.0015807310116354833,
        "iae_x": 0.16536014826411038,
        "ise_x": 0.008864570420699444,
        "energy_l2": 2.859572930541723,
        "energy_l1": 1.813102890634405,
        "ts_theta": 1.5,
        "ts_x": 3.3000000000000003,
        "os_theta": NaN,
        "max_theta": 0.052472408439333644,
        "max_x": 0.16358725999823504,
        "ctrl_time": 0.002699499949812889,
        "sim_time": 0.005224000196903944
    },
    "LMPC_Nominal": {
        "mse_theta": 8.165032107981766e-05,
        "mae_theta": 0.0033249234771553036,
        "mse_x": 0.00046181672781649776,
        "mae_x": 0.009641715888623476,
        "iae_theta": 0.03107728699774341,
        "ise_theta": 0.0006996678486125749,
        "iae_x": 0.09237700693488411,
        "ise_x": 0.004164348577086628,
        "energy_l2": 0.7539295129356312,
        "energy_l1": 0.9428701246725588,
        "ts_theta": 1.4000000000000001,
        "ts_x": 2.8000000000000003,
        "os_theta": NaN,
        "max_theta": 0.05,
        "max_x": 0.1307647595573632,
        "ctrl_time": 0.5449482998810709,
        "sim_time": 0.5488231997005641
    },
    "PD-PD_Wind": {
        "mse_theta": 0.0014574792319020982,
        "mae_theta": 0.030989984219862928,
        "mse_x": 0.04381840642389349,
        "mae_x": 0.17793767567518187,
        "iae_theta": 0.30988308098281286,
        "ise_theta": 0.014587957043580253,
        "iae_x": 1.7775468879261087,
        "ise_x": 0.43778889005409727,
        "energy_l2": 22.775825258120765,
        "energy_l1": 12.272201652805876,
        "ts_theta": 4.7,
        "ts_x": NaN,
        "os_theta": NaN,
        "max_theta": 0.090056231084365,
        "max_x": 0.559971296596556,
        "ctrl_time": 0.0012436006218194962,
        "sim_time": 0.0047657000832259655
    },
    "PD-LQR_Wind": {
        "mse_theta": 0.00048083302565030215,
        "mae_theta": 0.016180049767654744,
        "mse_x": 0.028812318687543217,
        "mae_x": 0.14493483411042346,
        "iae_theta": 0.16018111306052946,
        "ise_theta": 0.004720538690837148,
        "iae_x": 1.4456502673124694,
        "ise_x": 0.2870240751154878,
        "energy_l2": 10.520551307254538,
        "energy_l1": 7.974932774617138,
        "ts_theta": 1.9000000000000001,
        "ts_x": NaN,
        "os_theta": NaN,
        "max_theta": 0.05912995613672946,
        "max_x": 0.4687717440172121,
        "ctrl_time": 0.0009066998027265072,
        "sim_time": 0.0038315998390316963
    },
    "MPC_Wind": {
        "mse_theta": 0.0005781236554509859,
        "mae_theta": 0.018255527517150528,
        "mse_x": 0.01842532549601697,
        "mae_x": 0.11373047437686666,
        "iae_theta": 0.18150986409978603,
        "ise_theta": 0.005711296636889017,
        "iae_x": 1.1363791882529384,
        "ise_x": 0.18453039540833951,
        "energy_l2": 12.439198899564406,
        "energy_l1": 8.68605590312848,
        "ts_theta": 1.5,
        "ts_x": 4.9,
        "os_theta": NaN,
        "max_theta": 0.062455362539367176,
        "max_x": 0.4093822686530615,
        "ctrl_time": 3.36029110243544,
        "sim_time": 3.36540720006451
    },
    "MPC-J2_Wind": {
        "mse_theta": 0.0005790757321415009,
        "mae_theta": 0.0182660152161198,
        "mse_x": 0.018710208826578173,
        "mae_x": 0.11462213353990695,
        "iae_theta": 0.18163634927551775,
        "ise_theta": 0.0057212092296561635,
        "iae_x": 1.1452429349328297,
        "ise_x": 0.18736585446800358,
        "energy_l2": 12.443810401266283,
        "energy_l1": 8.683814072061269,
        "ts_theta": 1.5,
        "ts_x": 4.9,
        "os_theta": NaN,
        "max_theta": 0.06259707878539089,
        "max_x": 0.4115931276917428,
        "ctrl_time": 3.7200904027558863,
        "sim_time": 3.7252869000658393
    },
    "Fuzzy-LQR_Wind": {
        "mse_theta": 0.0003718181978059902,
        "mae_theta": 0.014380569403309075,
        "mse_x": 0.010586497891920225,
        "mae_x": 0.08539512913095633,
        "iae_theta": 0.1424608922522904,
        "ise_theta": 0.0036287636167180995,
        "iae_x": 0.853133406230238,
        "ise_x": 0.10604389036310723,
        "energy_l2": 10.064152580561466,
        "energy_l1": 7.659752559132989,
        "ts_theta": 1.2000000000000002,
        "ts_x": NaN,
        "os_theta": NaN,
        "max_theta": 0.05188526158656841,
        "max_x": 0.337231666729559,
        "ctrl_time": 0.0030945013277232647,
        "sim_time": 0.006841400172561407
    },
    "LMPC_Wind": {
        "mse_theta": 0.0010730828747022914,
        "mae_theta": 0.026274449631641685,
        "mse_x": 0.021644862998398462,
        "mae_x": 0.11968448573671457,
        "iae_theta": 0.26219561059155794,
        "ise_theta": 0.010703988570501909,
        "iae_x": 1.19786062430504,
        "ise_x": 0.21740442791068615,
        "energy_l2": 20.5131637751309,
        "energy_l1": 11.533701984132808,
        "ts_theta": 1.8,
        "ts_x": 4.0,
        "os_theta": NaN,
        "max_theta": 0.07791981587748076,
        "max_x": 0.4487564581881414,