{
    "PID-PID_Nominal": {
        "mse_theta": 0.00011396620896213263,
        "mae_theta": 0.004768902187202272,
        "mse_x": 0.0005081331490774683,
        "mae_x": 0.010125901529594068,
        "iae_theta": 0.0456650428131583,
        "ise_theta": 0.0010260586954046694,
        "iae_x": 0.09719438773206479,
        "ise_x": 0.0046320255541665665,
        "energy_l2": 0.950458940902568,
        "energy_l1": 1.3567510141918517,
        "ts_theta": 4.2,
        "ts_x": 4.6000000000000005,
        "os_theta": NaN,
        "max_theta": 0.05,
        "max_x": 0.14555986260636983,
        "ctrl_time": 0.001268301042728126,
        "sim_time": 0.003967300057411194
    },
    "PID-LQR_Nominal": {
        "mse_theta": 9.195075499156789e-05,
        "mae_theta": 0.0033853694887126017,
        "mse_x": 0.00035906484658454815,
        "mae_x": 0.005705517596895401,
        "iae_theta": 0.0316922310846782,
        "ise_theta": 0.0008037026254148244,
        "iae_x": 0.05260209570353124,
        "ise_x": 0.003126543781051719,
        "energy_l2": 0.9248075334212673,
        "energy_l1": 1.0521337129293329,
        "ts_theta": 2.9000000000000004,
        "ts_x": 2.3000000000000003,
        "os_theta": NaN,
        "max_theta": 0.05,
        "max_x": 0.11093027092688496,
        "ctrl_time": 0.0012443000450730324,
        "sim_time": 0.004288799944333732
    },
    "MPC_Nominal": {
        "mse_theta": 6.191508012137148e-05,
        "mae_theta": 0.002547562318046811,
        "mse_x": 0.00038014992805874865,
        "mae_x": 0.007134438532758476,
        "iae_theta": 0.02323006806766337,
        "ise_theta": 0.0005003423072871429,
        "iae_x": 0.06705145823676559,
        "ise_x": 0.0033395134616147886,
        "energy_l2": 0.5576188599825178,
        "energy_l1": 0.6626463128701199,
        "ts_theta": 2.1,
        "ts_x": 3.6,
        "os_theta": NaN,
        "max_theta": 0.05,
        "max_x": 0.11296139675736344,
        "ctrl_time": 0.9535378002328798,
        "sim_time": 0.9569253999507055
    },
    "MPC-J2_Nominal": {
        "mse_theta": 6.675122841288337e-05,
        "mae_theta": 0.003067551455711676,
        "mse_x": 0.0007334068866415317,
        "mae_x": 0.015941047891704606,
        "iae_theta": 0.028481351521858902,
        "ise_theta": 0.0005491873901090012,
        "iae_x": 0.15600254278287726,
        "ise_x": 0.006907409471772111,
        "energy_l2": 0.514989892817267,
        "energy_l1": 0.7537895085339794,
        "ts_theta": 2.7,
        "ts_x": 5.2,
        "os_theta": NaN,
        "max_theta": 0.05,
        "max_x": 0.146930869134617,
        "ctrl_time": 1.116714699426666,
        "sim_time": 1.1198707999428734
    },
    "Fuzzy-LQR_Nominal": {
        "mse_theta": 4.558318497383494e-05,
        "mae_theta": 0.0018099861580315375,
        "mse_x": 0.0004315992238975027,
        "mae_x": 0.00801075460861861,
        "iae_theta": 0.015780859915303754,
        "ise_theta": 0.0003353901682357314,
        "iae_x": 0.07590861770733977,
        "ise_x": 0.003859152161364482,
        "energy_l2": 0.7762717434871076,
        "energy_l1": 0.611144668781518,
        "ts_theta": 2.3000000000000003,
        "ts_x": 3.0,
        "os_theta": NaN,
        "max_theta": 0.05,
        "max_x": 0.10000022635328652,
        "ctrl_time": 0.0029379999032244086,
        "sim_time": 0.00571749999653548
    },
    "LMPC_Nominal": {
        "mse_theta": 8.272519927174814e-05,
        "mae_theta": 0.0032098987363456746,
        "mse_x": 0.00038719099819680677,
        "mae_x": 0.007028199922347139,
        "iae_theta": 0.029918475385789418,
        "ise_theta": 0.0007105244675335094,
        "iae_x": 0.06598234993488686,
        "ise_x": 0.0034106289598407934,
        "energy_l2": 0.7899397169516654,
        "energy_l1": 0.9198940697958164,
        "ts_theta": 3.1,
        "ts_x": 2.7,
        "os_theta": NaN,
        "max_theta": 0.05,
        "max_x": 0.12012534131409802,
        "ctrl_time": 0.23645029973704368,
        "sim_time": 0.2400364000350237
    },
    "PID-PID_Wind": {
        "mse_theta": 0.0014574792319020982,
        "mae_theta": 0.030989984219862928,
        "mse_x": 0.04381840642389349,
        "mae_x": 0.17793767567518187,
        "iae_theta": 0.30988308098281286,
        "ise_theta": 0.014587957043580253,
        "iae_x": 1.7775468879261087,
        "ise_x": 0.43778889005409727,
        "energy_l2": 22.775825258120765,
        "energy_l1": 12.272201652805876,
        "ts_theta": NaN,
        "ts_x": NaN,
        "os_theta": NaN,
        "max_theta": 0.090056231084365,
        "max_x": 0.559971296596556,
        "ctrl_time": 0.0012387001188471913,
        "sim_time": 0.004664400010369718
    },
    "PID-LQR_Wind": {
        "mse_theta": 0.001782855067248241,
        "mae_theta": 0.0335247742704199,
        "mse_x": 0.006525682037522731,
        "mae_x": 0.06659910092064456,
        "iae_theta": 0.33267576772733126,
        "ise_theta": 0.017647298693874373,
        "iae_x": 0.6633795491129535,
        "ise_x": 0.0650444965137384,
        "energy_l2": 33.36971430307672,
        "energy_l1": 15.163589428437117,
        "ts_theta": NaN,
        "ts_x": NaN,
        "os_theta": NaN,
        "max_theta": 0.09649953097152686,
        "max_x": 0.2951029312636755,
        "ctrl_time": 0.001060700393281877,
        "sim_time": 0.004472199943847954
    },
    "MPC_Wind": {
        "mse_theta": 0.0005781236554509859,
        "mae_theta": 0.018255527517150528,
        "mse_x": 0.01842532549601697,
        "mae_x": 0.11373047437686666,
        "iae_theta": 0.18150986409978603,
        "ise_theta": 0.005711296636889017,
        "iae_x": 1.1363791882529384,
        "ise_x": 0.18453039540833951,
        "energy_l2": 12.439198899564406,
        "energy_l1": 8.68605590312848,
        "ts_theta": NaN,
        "ts_x": NaN,
        "os_theta": NaN,
        "max_theta": 0.062455362539367176,
        "max_x": 0.4093822686530615,
        "ctrl_time": 3.5413279999047518,
        "sim_time": 3.5466282999841496
    },
    "MPC-J2_Wind": {
        "mse_theta": 0.0006307200969901892,
        "mae_theta": 0.018782831814204915,
        "mse_x": 0.04383154469804683,
        "mae_x": 0.17607298808018995,
        "iae_theta": 0.1860681584492761,
        "ise_theta": 0.0062193519360448715,
        "iae_x": 1.7544705040482624,
        "ise_x": 0.43507957251529733,
        "energy_l2": 12.265599112120173,
        "energy_l1": 8.731170952792336,
        "ts_theta": NaN,
        "ts_x": NaN,
        "os_theta": NaN,
        "max_theta": 0.06714836143734745,
        "max_x": 0.5699258361854898,
        "ctrl_time": 2.196351600228809,
        "sim_time": 2.20084720000159
    },
    "Fuzzy-LQR_Wind": {
        "mse_theta": 0.0005417165872285232,
        "mae_theta": 0.01794214764695757,
        "mse_x": 0.008593884108165037,
        "mae_x": 0.07714802421276164,
        "iae_theta": 0.1779689964283607,
        "ise_theta": 0.005335186468344601,
        "iae_x": 0.7717617118185113,
        "ise_x": 0.08617980732893199,
        "energy_l2": 13.968345153608595,
        "energy_l1": 9.274826795237969,
        "ts_theta": NaN,
        "ts_x": NaN,
        "os_theta": NaN,
        "max_theta": 0.06343838377828996,
        "max_x": 0.3115335978777666,
        "ctrl_time": 0.002583900233730674,
        "sim_time": 0.005757499951869249
    },
    "LMPC_Wind": {
        "mse_theta": 0.0011758298560183794,
        "mae_theta": 0.02739718150941557,
        "mse_x": 0.015510508791609407,
        "mae_x": 0.10193708997566026,
        "iae_theta": 0.2725882072734184,
        "ise_theta": 0.011698177801579088,
        "iae_x": 1.0227907556795148,
        "ise_x": 0.15609320770064583,
        "energy_l2": 22.74390390752454,
        "energy_l1": 12.12103893860336,
        "ts_theta": NaN,
        "ts_x": NaN,
        "os_theta": NaN,
        "max_theta": 0.08538868134647308,
        "max_x": 0.39981179043164317,
        "ctrl_time": 0.48190999974031,