{
    "PD-PD_Nominal": {
        "mse_theta": 4.6566368760730815e-05,
        "mae_theta": 0.0019144370137426736,
        "mse_x": 0.0004010853107870566,
        "mae_x": 0.00682776748412349,
        "iae_theta": 0.016835813147130195,
        "ise_theta": 0.00034532032448337163,
        "iae_x": 0.06396043826597776,
        "ise_x": 0.0035509616389457215,
        "energy_l2": 0.845153774538091,
        "energy_l1": 0.7502445130020359,
        "ts_theta": 0.30000000000000004,
        "ts_x": 1.2000000000000002,
        "os_theta": NaN,
        "ctrl_time": 0.0008485998259857297,
        "sim_time": 0.004251099948305637
    },
    "PD-LQR_Nominal": {
        "mse_theta": 6.212423979766856e-05,
        "mae_theta": 0.0026641832106892843,
        "mse_x": 0.0003835288322334503,
        "mae_x": 0.006956645207151221,
        "iae_theta": 0.02440823943506967,
        "ise_theta": 0.0005024548219540356,
        "iae_x": 0.06526211506131784,
        "ise_x": 0.0033736412055578,
        "energy_l2": 0.540553562371654,
        "energy_l1": 0.6755710514836808,
        "ts_theta": 1.3,
        "ts_x": 2.2,
        "os_theta": NaN,
        "ctrl_time": 0.0012193998554721475,
        "sim_time": 0.005228099995292723
    },
    "MPC_Nominal": {
        "mse_theta": 6.146590795038279e-05,
        "mae_theta": 0.0025122034561224182,
        "mse_x": 0.0003752418604418222,
        "mae_x": 0.007065648161533688,
        "iae_theta": 0.022871683324068342,
        "ise_theta": 0.0004958056209014182,
        "iae_x": 0.06625498993498347,
        "ise_x": 0.0032897092663336583,
        "energy_l2": 0.5633657696295274,
        "energy_l1": 0.6603382909519006,
        "ts_theta": 1.2000000000000002,
        "ts_x": 0.9,
        "os_theta": NaN,
        "ctrl_time": 1.1299254999612458,
        "sim_time": 1.13407680002274
    },
    "MPC-J2_Nominal": {
        "mse_theta": 5.6202369014570184e-05,
        "mae_theta": 0.002287498756143781,
        "mse_x": 0.00044714716792422195,
        "mae_x": 0.010635840840004001,
        "iae_theta": 0.02059509772476723,
        "ise_theta": 0.00044264243415459165,
        "iae_x": 0.10114777406054828,
        "ise_x": 0.003983713744219307,
        "energy_l2": 0.5809506726862598,
        "energy_l1": 0.6062936932944316,
        "ts_theta": 1.0,
        "ts_x": 1.0,
        "os_theta": NaN,
        "ctrl_time": 1.4494974996196106,
        "sim_time": 1.453257000015583
    },
    "Fuzzy-LQR_Nominal": {
        "mse_theta": 7.456531486187983e-05,
        "mae_theta": 0.002526095874954243,
        "mse_x": 0.00036822884736499464,
        "mae_x": 0.006176526320363723,
        "iae_theta": 0.023013566753579368,
        "ise_theta": 0.0006281096801049363,
        "iae_x": 0.05738288987501265,
        "ise_x": 0.0032191113583729673,
        "energy_l2": 2.8448888334478424,
        "energy_l1": 1.597438434127119,
        "ts_theta": 0.7000000000000001,
        "ts_x": 1.2000000000000002,
        "os_theta": NaN,
        "ctrl_time": 0.004122800077311695,
        "sim_time": 0.00797089998377487
    },
    "PD-PD_Wind": {
        "mse_theta": 0.0006011866714296347,
        "mae_theta": 0.01912517996119932,
        "mse_x": 0.004655085530679433,
        "mae_x": 0.05471286829202782,
        "iae_theta": 0.18980574224151445,
        "ise_theta": 0.005932242348236709,
        "iae_x": 0.5470995188688279,
        "ise_x": 0.04651135483818335,
        "energy_l2": 15.391596628460855,
        "energy_l1": 9.59044308242267,
        "ts_theta": 1.1,
        "ts_x": 4.1000000000000005,
        "os_theta": NaN,
        "ctrl_time": 0.000777099747210741,
        "sim_time": 0.004392999981064349
    },
    "PD-LQR_Wind": {
        "mse_theta": 0.0006693960571060464,
        "mae_theta": 0.020254243800097098,
        "mse_x": 0.011467178928745813,
        "mae_x": 0.08805091642385467,
        "iae_theta": 0.200989879511612,
        "ise_theta": 0.006612659235438024,
        "iae_x": 0.882372933105539,
        "ise_x": 0.11524313249796754,
        "energy_l2": 13.499164338070461,
        "energy_l1": 9.218991216047128,
        "ts_theta": 1.4000000000000001,
        "ts_x": NaN,
        "os_theta": NaN,
        "ctrl_time": 0.0008421000093221664,
        "sim_time": 0.004316599981393665
    },
    "MPC_Wind": {
        "mse_theta": 0.000580324831359302,
        "mae_theta": 0.018325241835248536,
        "mse_x": 0.01772237056087626,
        "mae_x": 0.11150151840455116,
        "iae_theta": 0.1821487648165261,
        "ise_theta": 0.005732475776669464,
        "iae_x": 1.1142433667125822,
        "ise_x": 0.1775376695201045,
        "energy_l2": 12.592346500083126,
        "energy_l1": 8.76250366779371,
        "ts_theta": 1.5,
        "ts_x": 4.9,
        "os_theta": NaN,
        "ctrl_time": 3.7953241998911835,
        "sim_time": 3.801273000019137
    },
    "MPC-J2_Wind": {
        "mse_theta": 0.000672402589271569,
        "mae_theta": 0.021014124374498233,
        "mse_x": 0.0030919055574142127,
        "mae_x": 0.04522133755798873,
        "iae_theta": 0.20861978750512555,
        "ise_theta": 0.006641049470313321,
        "iae_x": 0.4502426244494736,
        "ise_x": 0.030683672024213914,
        "energy_l2": 14.58355121872013,
        "energy_l1": 9.674959680575043,
        "ts_theta": 1.6,
        "ts_x": 4.1000000000000005,
        "os_theta": NaN,
        "ctrl_time": 6.387487000145484,
        "sim_time": 6.393964799994137
    },
    "Fuzzy-LQR_Wind": {
        "mse_theta": 0.00030693530419367864,
        "mae_theta": 0.01368129560923941,
        "mse_x": 0.004401785912343942,
        "mae_x": 0.05474657605474216,
        "iae_theta": 0.13488355365226665,
        "ise_theta": 0.0029623254265021344,
        "iae_x": 0.5468078407101962,
        "ise_x": 0.043932383081399566,
        "energy_l2": 85.88725157185874,
        "energy_l1": 15.116786408698564,
        "ts_theta": 1.0,
        "ts_x": 3.7,
        "os_theta": NaN,
        "ctrl_time": 0.0035415999009273946,
        "sim_time": 0.007870100031141192
    }
}