{
    "PID-PID_Nominal": {
        "mse_theta": 0.00011396620896213263,
        "mae_theta": 0.004768902187202272,
        "mse_x": 0.0005081331490774683,
        "mae_x": 0.010125901529594068,
        "iae_theta": 0.0456650428131583,
        "ise_theta": 0.0010260586954046694,
        "iae_x": 0.09719438773206479,
        "ise_x": 0.0046320255541665665,
        "energy_l2": 0.950458940902568,
        "energy_l1": 1.3567510141918517,
        "ts_theta": 1.6,
        "ts_x": 2.0,
        "os_theta": NaN,
        "max_theta": 0.05,
        "max_x": 0.14555986260636983,
        "ctrl_time": 0.0011500999985400995,
        "sim_time": 0.0035527000000001863
    },
    "PID-LQR_Nominal": {
        "mse_theta": 4.964360527686551e-05,
        "mae_theta": 0.002034650917980107,
        "mse_x": 0.00038241056601463985,
        "mae_x": 0.00626386421069343,
        "iae_theta": 0.018049974148861496,
        "ise_theta": 0.0003764004132963414,
        "iae_x": 0.05824101372133943,
        "ise_x": 0.0033623351825290805,
        "energy_l2": 0.5922922835080773,
        "energy_l1": 0.5353270022119975,
        "ts_theta": 0.30000000000000004,
        "ts_x": 1.2000000000000002,
        "os_theta": NaN,
        "max_theta": 0.05,
        "max_x": 0.10051882351675863,
        "ctrl_time": 0.0012038999984724796,
        "sim_time": 0.004096599999684258
    },
    "MPC_Nominal": {
        "mse_theta": 6.191508012137148e-05,
        "mae_theta": 0.002547562318046811,
        "mse_x": 0.00038014992805874865,
        "mae_x": 0.007134438532758476,
        "iae_theta": 0.02323006806766337,
        "ise_theta": 0.0005003423072871429,
        "iae_x": 0.06705145823676559,
        "ise_x": 0.0033395134616147886,
        "energy_l2": 0.5576188599825178,
        "energy_l1": 0.6626463128701199,
        "ts_theta": 1.2000000000000002,
        "ts_x": 2.2,
        "os_theta": NaN,
        "max_theta": 0.05,
        "max_x": 0.11296139675736344,
        "ctrl_time": 0.895357600000807,
        "sim_time": 0.8984734000000572
    },
    "MPC-J2_Nominal": {
        "mse_theta": 6.675122841288337e-05,
        "mae_theta": 0.003067551455711676,
        "mse_x": 0.0007334068866415317,
        "mae_x": 0.015941047891704606,
        "iae_theta": 0.028481351521858902,
        "ise_theta": 0.0005491873901090012,
        "iae_x": 0.15600254278287726,
        "ise_x": 0.006907409471772111,
        "energy_l2": 0.514989892817267,
        "energy_l1": 0.7537895085339794,
        "ts_theta": 0.4,
        "ts_x": 4.3,
        "os_theta": NaN,
        "max_theta": 0.05,
        "max_x": 0.146930869134617,
        "ctrl_time": 1.1199413000022105,
        "sim_time": 1.123074699999961
    },
    "Fuzzy-LQR_Nominal": {
        "mse_theta": 3.7953691291763945e-05,
        "mae_theta": 0.0016459054893474196,
        "mse_x": 0.0004490693399333047,
        "mae_x": 0.008851788215587155,
        "iae_theta": 0.014123485528154369,
        "ise_theta": 0.0002583322815353646,
        "iae_x": 0.08440093891397375,
        "ise_x": 0.004035600243263311,
        "energy_l2": 1.169774214274632,
        "energy_l1": 0.695093222967337,
        "ts_theta": 0.2,
        "ts_x": 1.5,
        "os_theta": NaN,
        "max_theta": 0.05,
        "max_x": 0.10871360642096982,
        "ctrl_time": 0.002665300001808646,
        "sim_time": 0.005258899999716959
    },
    "LMPC_Nominal": {
        "mse_theta": 8.272519927174814e-05,
        "mae_theta": 0.0032098987363456746,
        "mse_x": 0.00038719099819680677,
        "mae_x": 0.007028199922347139,
        "iae_theta": 0.029918475385789418,
        "ise_theta": 0.0007105244675335094,
        "iae_x": 0.06598234993488686,
        "ise_x": 0.0034106289598407934,
        "energy_l2": 0.7899397169516654,
        "energy_l1": 0.9198940697958164,
        "ts_theta": 1.3,
        "ts_x": 2.1,
        "os_theta": NaN,
        "max_theta": 0.05,
        "max_x": 0.12012534131409802,
        "ctrl_time": 0.2190239999986261,
        "sim_time": 0.22231949999968492
    },
    "PID-PID_Wind": {
        "mse_theta": 0.0014574792319020982,
        "mae_theta": 0.030989984219862928,
        "mse_x": 0.04381840642389349,
        "mae_x": 0.17793767567518187,
        "iae_theta": 0.30988308098281286,
        "ise_theta": 0.014587957043580253,
        "iae_x": 1.7775468879261087,
        "ise_x": 0.43778889005409727,
        "energy_l2": 22.775825258120765,
        "energy_l1": 12.272201652805876,
        "ts_theta": 4.7,
        "ts_x": NaN,
        "os_theta": NaN,
        "max_theta": 0.090056231084365,
        "max_x": 0.559971296596556,
        "ctrl_time": 0.0011495999997350737,
        "sim_time": 0.004383899999993446
    },
    "PID-LQR_Wind": {
        "mse_theta": 0.0005694433475657559,
        "mae_theta": 0.018720994641206065,
        "mse_x": 0.00521910211575254,
        "mae_x": 0.05852880289459653,
        "iae_theta": 0.18541441090029678,
        "ise_theta": 0.005599110381675961,
        "iae_x": 0.5857614637366284,
        "ise_x": 0.05221005179136954,
        "energy_l2": 12.562736331516108,
        "energy_l1": 8.950920443417722,
        "ts_theta": 1.2000000000000002,
        "ts_x": 4.1000000000000005,
        "os_theta": NaN,
        "max_theta": 0.061866549251339796,
        "max_x": 0.26817044928058403,
        "ctrl_time": 0.001087500002086017,
        "sim_time": 0.00454200000012861
    },
    "MPC_Wind": {
        "mse_theta": 0.0005781236554509859,
        "mae_theta": 0.018255527517150528,
        "mse_x": 0.01842532549601697,
        "mae_x": 0.11373047437686666,
        "iae_theta": 0.18150986409978603,
        "ise_theta": 0.005711296636889017,
        "iae_x": 1.1363791882529384,
        "ise_x": 0.18453039540833951,
        "energy_l2": 12.439198899564406,
        "energy_l1": 8.68605590312848,
        "ts_theta": 1.5,
        "ts_x": 4.9,
        "os_theta": NaN,
        "max_theta": 0.062455362539367176,
        "max_x": 0.4093822686530615,
        "ctrl_time": 3.571366999998645,
        "sim_time": 3.57667390000006
    },
    "MPC-J2_Wind": {
        "mse_theta": 0.0006307200969901892,
        "mae_theta": 0.018782831814204915,
        "mse_x": 0.04383154469804683,
        "mae_x": 0.17607298808018995,
        "iae_theta": 0.1860681584492761,
        "ise_theta": 0.0062193519360448715,
        "iae_x": 1.7544705040482624,
        "ise_x": 0.43507957251529733,
        "energy_l2": 12.265599112120173,
        "energy_l1": 8.731170952792336,
        "ts_theta": 1.9000000000000001,
        "ts_x": NaN,
        "os_theta": NaN,
        "max_theta": 0.06714836143734745,
        "max_x": 0.5699258361854898,
        "ctrl_time": 2.3111159000000043,
        "sim_time": 2.315924300000006
    },
    "Fuzzy-LQR_Wind": {
        "mse_theta": 0.0003718181978059902,
        "mae_theta": 0.014380569403309075,
        "mse_x": 0.010586497891920225,
        "mae_x": 0.08539512913095633,
        "iae_theta": 0.1424608922522904,
        "ise_theta": 0.0036287636167180995,
        "iae_x": 0.853133406230238,
        "ise_x": 0.10604389036310723,
        "energy_l2": 10.064152580561466,
        "energy_l1": 7.659752559132989,
        "ts_theta": 1.2000000000000002,
        "ts_x": NaN,
        "os_theta": NaN,
        "max_theta": 0.05188526158656841,
        "max_x": 0.337231666729559,
        "ctrl_time": 0.0027543999999579682,
        "sim_time": 0.006264799999826209
    },
    "LMPC_Wind": {
        "mse_theta": 0.0011758298560183794,
        "mae_theta": 0.02739718150941557,
        "mse_x": 0.015510508791609407,
        "mae_x": 0.10193708997566026,
        "iae_theta": 0.2725882072734184,
        "ise_theta": 0.011698177801579088,
        "iae_x": 1.0227907556795148,
        "ise_x": 0.15609320770064583,
        "energy_l2": 22.74390390752454,
        "energy_l1": 12.12103893860336,
        "ts_theta": 1.5,
        "ts_x": NaN,
        "os_theta": NaN,
        "max_theta": 0.08538868134647308,
        "max_x": 0.39981179043164317,