{
    "PD-PD_Nominal": {
        "mse_theta": 4.6566368760730815e-05,
        "mae_theta": 0.0019144370137426736,
        "mse_x": 0.0004010853107870566,
        "mae_x": 0.00682776748412349,
        "iae_theta": 0.016835813147130195,
        "ise_theta": 0.00034532032448337163,
        "iae_x": 0.06396043826597776,
        "ise_x": 0.0035509616389457215,
        "energy_l2": 0.845153774538091,
        "energy_l1": 0.7502445130020359,
        "ts_theta": 0.30000000000000004,
        "ts_x": 1.2000000000000002,
        "os_theta": NaN,
        "max_theta": 0.05,
        "max_x": 0.1046348261207499,
        "ctrl_time": 0.0008254996500909328,
        "sim_time": 0.0040593999437987804
    },
    "PD-LQR_Nominal": {
        "mse_theta": 3.650393396029833e-05,
        "mae_theta": 0.0014944843146534323,
        "mse_x": 0.0004795477772938143,
        "mae_x": 0.00941789482831169,
        "iae_theta": 0.01259427511704062,
        "ise_theta": 0.00024368973299359372,
        "iae_x": 0.09012059342650601,
        "ise_x": 0.004343432550250845,
        "energy_l2": 1.4777516980827008,
        "energy_l1": 0.6754472424292485,
        "ts_theta": 0.2,
        "ts_x": 2.2,
        "os_theta": NaN,
        "max_theta": 0.05,
        "max_x": 0.09999711321115838,
        "ctrl_time": 0.0008175992406904697,
        "sim_time": 0.0034154998138546944
    },
    "MPC_Nominal": {
        "mse_theta": 6.146588313707182e-05,
        "mae_theta": 0.0025122189028813787,
        "mse_x": 0.0003752476647501119,
        "mae_x": 0.007065919206166412,
        "iae_theta": 0.02287184122031611,
        "ise_theta": 0.0004958053704053399,
        "iae_x": 0.06625777092499188,
        "ise_x": 0.003289768077565233,
        "energy_l2": 0.5633613184429277,
        "energy_l1": 0.660342793777503,
        "ts_theta": 1.2000000000000002,
        "ts_x": 0.9,
        "os_theta": NaN,
        "max_theta": 0.05,
        "max_x": 0.11101230583784111,
        "ctrl_time": 0.894806400872767,
        "sim_time": 0.8980088999960572
    },
    "MPC-J2 (r=0)_Nominal": {
        "mse_theta": 5.335815202105754e-05,
        "mae_theta": 0.00221094834908179,
        "mse_x": 0.0004224845672426636,
        "mae_x": 0.009808944501583882,
        "iae_theta": 0.019824372657623674,
        "ise_theta": 0.00041391656520634913,
        "iae_x": 0.09307547035050646,
        "ise_x": 0.003747298838011754,
        "energy_l2": 0.5837153897039384,
        "energy_l1": 0.540453056534322,
        "ts_theta": 0.9,
        "ts_x": 1.1,
        "os_theta": NaN,
        "max_theta": 0.05,
        "max_x": 0.11989738230981517,
        "ctrl_time": 2.4237305014394224,
        "sim_time": 2.427773999981582
    },
    "MPC-J2 (r=1e-4)_Nominal": {
        "mse_theta": 5.266280283718139e-05,
        "mae_theta": 0.002358704853245776,
        "mse_x": 0.0005655726628951065,
        "mae_x": 0.01343984615582105,
        "iae_theta": 0.021308027091223692,
        "ise_theta": 0.00040688987326599957,
        "iae_x": 0.12868321901766738,
        "ise_x": 0.005127475565630103,
        "energy_l2": 0.602435351857545,
        "energy_l1": 0.6718073970813725,
        "ts_theta": 0.30000000000000004,
        "ts_x": 1.1,
        "os_theta": NaN,
        "max_theta": 0.05,
        "max_x": 0.10116226630854808,
        "ctrl_time": 2.950562499696389,
        "sim_time": 2.9546154998242855
    },
    "Fuzzy-LQR_Nominal": {
        "mse_theta": 7.456531486187983e-05,
        "mae_theta": 0.002526095874954243,
        "mse_x": 0.00036822884736499464,
        "mae_x": 0.006176526320363723,
        "iae_theta": 0.023013566753579368,
        "ise_theta": 0.0006281096801049363,
        "iae_x": 0.05738288987501265,
        "ise_x": 0.0032191113583729673,
        "energy_l2": 2.8448888334478424,
        "energy_l1": 1.597438434127119,
        "ts_theta": 0.7000000000000001,
        "ts_x": 1.2000000000000002,
        "os_theta": NaN,
        "max_theta": 0.05,
        "max_x": 0.1026938622483917,
        "ctrl_time": 0.0034005993511527777,
        "sim_time": 0.006491699954494834
    },
    "PD-PD_Wind": {
        "mse_theta": 0.0006011866714296347,
        "mae_theta": 0.01912517996119932,
        "mse_x": 0.004655085530679433,
        "mae_x": 0.05471286829202782,
        "iae_theta": 0.18980574224151445,
        "ise_theta": 0.005932242348236709,
        "iae_x": 0.5470995188688279,
        "ise_x": 0.04651135483818335,
        "energy_l2": 15.391596628460855,
        "energy_l1": 9.59044308242267,
        "ts_theta": 1.1,
        "ts_x": 4.1000000000000005,
        "os_theta": NaN,
        "max_theta": 0.06820579775157479,
        "max_x": 0.262137034684645,
        "ctrl_time": 0.0008028005249798298,
        "sim_time": 0.004937200108543038
    },
    "PD-LQR_Wind": {
        "mse_theta": 0.0004444941180374996,
        "mae_theta": 0.016453265428849673,
        "mse_x": 0.0032764476737588296,
        "mae_x": 0.04627428339116509,
        "iae_theta": 0.16304083209384,
        "ise_theta": 0.0043562714219037265,
        "iae_x": 0.4620038936573887,
        "ise_x": 0.032589436986039895,
        "energy_l2": 11.730319729841156,
        "energy_l1": 8.224114831835951,
        "ts_theta": 1.0,
        "ts_x": 3.5,
        "os_theta": NaN,
        "max_theta": 0.060171180648257674,
        "max_x": 0.22188757944088397,
        "ctrl_time": 0.0012292999308556318,
        "sim_time": 0.006195900030434132
    },
    "MPC_Wind": {
        "mse_theta": 0.0005791182818847137,
        "mae_theta": 0.018272266776711198,
        "mse_x": 0.01777050173450449,
        "mae_x": 0.11176152123832712,
        "iae_theta": 0.18161863049113955,
        "ise_theta": 0.005720374875081362,
        "iae_x": 1.1168701077089114,
        "ise_x": 0.17802399160516486,
        "energy_l2": 12.564182834734831,
        "energy_l1": 8.75151388029181,
        "ts_theta": 1.5,
        "ts_x": 4.9,
        "os_theta": NaN,
        "max_theta": 0.06229700474783883,
        "max_x": 0.40371238634030226,
        "ctrl_time": 4.536627001594752,
        "sim_time": 4.54348920006305
    },
    "MPC-J2 (r=0)_Wind": {
        "mse_theta": 0.0006227214483852874,
        "mae_theta": 0.019849024688173646,
        "mse_x": 0.004681128059093513,
        "mae_x": 0.05597843662816315,
        "iae_theta": 0.19675979996545784,
        "ise_theta": 0.0061349451461343366,
        "iae_x": 0.5594708840320921,
        "ise_x": 0.04676278309847386,
        "energy_l2": 13.642579826867673,
        "energy_l1": 9.383201497975396,
        "ts_theta": 1.2000000000000002,
        "ts_x": 4.2,
        "os_theta": NaN,
        "max_theta": 0.06230743118826913,
        "max_x": 0.26043447566769345,
        "ctrl_time": 12.20172769878991,
        "sim_time": 12.20810899999924
    },
    "MPC-J2 (r=1e-4)_Wind": {
        "mse_theta": 0.000616610743602454,
        "mae_theta": 0.019640451478892842,
        "mse_x": 0.004657432617410957,
        "mae_x": 0.05528682037509864,
        "iae_theta": 0.1945597519213269,
        "ise_theta": 0.006068508941956525,
        "iae_x": 0.5525337690736094,
        "ise_x": 0.04652517002658034,
        "energy_l2": 14.244783859111037,
        "energy_l1": 9.33527618752405,
        "ts_theta": 1.2000000000000002,
        "ts_x": 4.2,
        "os_theta": NaN,
        "max_theta": 0.06365413217177353,
        "max_x": 0.26366780144645247,
        "ctrl_time": 14.259664500597864,
        "sim_time": 14.267555200029165
    },
    "Fuzzy-LQR_Wind": {
        "mse_theta": 0.00030693530419367864,
        "mae_theta": 0.01368129560923941,
        "mse_x": 0.004401785912343942,
        "mae_x": 0.05474657605474216,
        "iae_theta": 0.13488355365226665,
        "ise_theta": 0.0029623254265021344,
        "iae_x": 0.5468078407101962,
        "ise_x": 0.043932383081399566,
        "energy_l2": 85.88725157185874,
        "energy_l1": 15.116786408698564,
        "ts_theta": 1.0,
        "ts_x": 3.7,
        "os_theta": NaN,
        "max_theta": 0.05,