{
    "PID-PID_Nominal": {
        "mse_theta": 0.00011396620896213263,
        "mae_theta": 0.004768902187202272,
        "mse_x": 0.0005081331490774683,
        "mae_x": 0.010125901529594068,
        "iae_theta": 0.0456650428131583,
        "ise_theta": 0.0010260586954046694,
        "iae_x": 0.09719438773206479,
        "ise_x": 0.0046320255541665665,
        "energy_l2": 0.950458940902568,
        "energy_l1": 1.3567510141918517,
        "ts_theta": 4.2,
        "ts_x": 4.6000000000000005,
        "os_theta": NaN,
        "max_theta": 0.05,
        "max_x": 0.14555986260636983,
        "ctrl_time": 0.003057899186387658,
        "sim_time": 0.008730000001378357
    },
    "PID-LQR_Nominal": {
        "mse_theta": 4.964360527686551e-05,
        "mae_theta": 0.002034650917980107,
        "mse_x": 0.00038241056601463985,
        "mae_x": 0.00626386421069343,
        "iae_theta": 0.018049974148861496,
        "ise_theta": 0.0003764004132963414,
        "iae_x": 0.05824101372133943,
        "ise_x": 0.0033623351825290805,
        "energy_l2": 0.5922922835080773,
        "energy_l1": 0.5353270022119975,
        "ts_theta": 2.1,
        "ts_x": 1.6,
        "os_theta": NaN,
        "max_theta": 0.05,
        "max_x": 0.10051882351675863,
        "ctrl_time": 0.002022600034251809,
        "sim_time": 0.006250099977478385
    },
    "MPC_Nominal": {
        "mse_theta": 6.191281131956382e-05,
        "mae_theta": 0.002547497269347346,
        "mse_x": 0.00038016289415516535,
        "mae_x": 0.007133576395120257,
        "iae_theta": 0.02322941378468446,
        "ise_theta": 0.0005003193924224743,
        "iae_x": 0.06704321257081458,
        "ise_x": 0.003339644532636847,
        "energy_l2": 0.5576138171498637,
        "energy_l1": 0.6626294300015821,
        "ts_theta": 2.1,
        "ts_x": 3.6,
        "os_theta": NaN,
        "max_theta": 0.05,
        "max_x": 0.11296490577441962,
        "ctrl_time": 1.611018400057219,
        "sim_time": 1.61637940001674
    },
    "MPC-J2_Nominal": {
        "mse_theta": 6.675130026685604e-05,
        "mae_theta": 0.003067550706168536,
        "mse_x": 0.0007334047764182095,
        "mae_x": 0.015941013110923732,
        "iae_theta": 0.0284813439795099,
        "ise_theta": 0.000549188115835155,
        "iae_x": 0.1560021914456538,
        "ise_x": 0.006907388158512363,
        "energy_l2": 0.5149901304830176,
        "energy_l1": 0.7537883851962861,
        "ts_theta": 2.7,
        "ts_x": 5.2,
        "os_theta": NaN,
        "max_theta": 0.05,
        "max_x": 0.14693076096798816,
        "ctrl_time": 2.0864648005226627,
        "sim_time": 2.0923378999577835
    },
    "Fuzzy-LQR_Nominal": {
        "mse_theta": 4.558318497383494e-05,
        "mae_theta": 0.0018099861580315375,
        "mse_x": 0.0004315992238975027,
        "mae_x": 0.00801075460861861,
        "iae_theta": 0.015780859915303754,
        "ise_theta": 0.0003353901682357314,
        "iae_x": 0.07590861770733977,
        "ise_x": 0.003859152161364482,
        "energy_l2": 0.7762717434871076,
        "energy_l1": 0.611144668781518,
        "ts_theta": 2.3000000000000003,
        "ts_x": 3.0,
        "os_theta": NaN,
        "max_theta": 0.05,
        "max_x": 0.10000022635328652,
        "ctrl_time": 0.005226200213655829,
        "sim_time": 0.00991929997690022
    },
    "LMPC_Nominal": {
        "mse_theta": 8.272513730122355e-05,
        "mae_theta": 0.0032098967556581713,
        "mse_x": 0.0003871908887210435,
        "mae_x": 0.007028195837580857,
        "iae_theta": 0.02991845539226977,
        "ise_theta": 0.0007105238416318975,
        "iae_x": 0.06598230868719084,
        "ise_x": 0.0034106278541364177,
        "energy_l2": 0.78993882681007,
        "energy_l1": 0.9198932826408059,
        "ts_theta": 3.1,
        "ts_x": 2.7,
        "os_theta": NaN,
        "max_theta": 0.05,
        "max_x": 0.12012530487218949,
        "ctrl_time": 0.4256101995706558,
        "sim_time": 0.43153639999218285
    },
    "PID-PID_Wind": {
        "mse_theta": 0.0014574792319020982,
        "mae_theta": 0.030989984219862928,
        "mse_x": 0.04381840642389349,
        "mae_x": 0.17793767567518187,
        "iae_theta": 0.30988308098281286,
        "ise_theta": 0.014587957043580253,
        "iae_x": 1.7775468879261087,
        "ise_x": 0.43778889005409727,
        "energy_l2": 22.775825258120765,
        "energy_l1": 12.272201652805876,
        "ts_theta": NaN,
        "ts_x": NaN,
        "os_theta": NaN,
        "max_theta": 0.090056231084365,
        "max_x": 0.559971296596556,
        "ctrl_time": 0.002230100682936609,
        "sim_time": 0.0076163000194355845
    },
    "PID-LQR_Wind": {
        "mse_theta": 0.0005694433475657559,
        "mae_theta": 0.018720994641206065,
        "mse_x": 0.00521910211575254,
        "mae_x": 0.05852880289459653,
        "iae_theta": 0.18541441090029678,
        "ise_theta": 0.005599110381675961,
        "iae_x": 0.5857614637366284,
        "ise_x": 0.05221005179136954,
        "energy_l2": 12.562736331516108,
        "energy_l1": 8.950920443417722,
        "ts_theta": NaN,
        "ts_x": NaN,
        "os_theta": NaN,
        "max_theta": 0.061866549251339796,
        "max_x": 0.26817044928058403,
        "ctrl_time": 0.004087600042112172,
        "sim_time": 0.015912099974229932
    },
    "MPC_Wind": {
        "mse_theta": 0.0005781161296810298,
        "mae_theta": 0.018257536976062298,
        "mse_x": 0.018424944849262638,
        "mae_x": 0.11373687068776411,
        "iae_theta": 0.1815272122099092,
        "ise_theta": 0.005711176717345997,
        "iae_x": 1.136452137696568,
        "ise_x": 0.18452898625378333,
        "energy_l2": 12.4368817889536,
        "energy_l1": 8.685154878533945,
        "ts_theta": NaN,
        "ts_x": NaN,
        "os_theta": NaN,
        "max_theta": 0.062447388879157316,
        "max_x": 0.40937795686456335,
        "ctrl_time": 5.922778899315745,
        "sim_time": 5.931271400069818
    },
    "MPC-J2_Wind": {
        "mse_theta": 0.0006307162321643129,
        "mae_theta": 0.018782776055364242,
        "mse_x": 0.043831462244009474,
        "mae_x": 0.1760728138608688,
        "iae_theta": 0.18606759811233076,
        "ise_theta": 0.006219313030054213,
        "iae_x": 1.7544687488566346,
        "ise_x": 0.435078743067801,
        "energy_l2": 12.265547186830482,
        "energy_l1": 8.731150612279949,
        "ts_theta": NaN,
        "ts_x": NaN,
        "os_theta": NaN,
        "max_theta": 0.06714821924934206,
        "max_x": 0.5699255985853396,
        "ctrl_time": 3.67047190037556,
        "sim_time": 3.6782932999776676
    },
    "Fuzzy-LQR_Wind": {
        "mse_theta": 0.0005417165872285232,
        "mae_theta": 0.01794214764695757,
        "mse_x": 0.008593884108165037,
        "mae_x": 0.07714802421276164,
        "iae_theta": 0.1779689964283607,
        "ise_theta": 0.005335186468344601,
        "iae_x": 0.7717617118185113,
        "ise_x": 0.08617980732893199,
        "energy_l2": 13.968345153608595,
        "energy_l1": 9.274826795237969,
        "ts_theta": NaN,
        "ts_x": NaN,
        "os_theta": NaN,
        "max_theta": 0.06343838377828996,
        "max_x": 0.3115335978777666,
        "ctrl_time": 0.005221200408414006,
        "sim_time": 0.01023190002888441
    },
    "LMPC_Wind": {
        "mse_theta": 0.0011758290400298531,
        "mae_theta": 0.02739717518324222,
        "mse_x": 0.015510509702118508,
        "mae_x": 0.10193710396701157,
        "iae_theta": 0.27258814531070896,
        "ise_theta": 0.011698169685522243,
        "iae_x": 1.022790891539426,
        "ise_x": 0.15609321650989305,
        "energy_l2": 22.74388961039864,
        "energy_l1": 12.121035852967328,
        "ts_theta": NaN,
        "ts_x": NaN,
        "os_theta": NaN,
        "max_theta": 0.08538861959873381,
        "max_x": 0.3998117142508445,
        "ctrl_time": 0.6129481000825763,
        "sim_time": 0.6205531999003142
    }
}