{
    "PD-PD_Robustness": {
        "mse_theta": 4.668604121925794e-05,
        "mae_theta": 0.0019176397086348971,
        "mse_x": 0.00040054789342611815,
        "mae_x": 0.00680930050260889,
        "iae_theta": 0.016868160357263476,
        "ise_theta": 0.00034652901631449515,
        "iae_x": 0.06377392267056395,
        "ise_x": 0.003545533723600715,
        "energy_l2": 0.8453984712869294,
        "energy_l1": 0.7490271699309958,
        "ts_theta": 0.30000000000000004,
        "ts_x": 1.2000000000000002,
        "max_theta": 0.05,
        "max_x": 0.10457503561477392,
        "fell": false,
        "ctrl_time": 0.0005708003882318735,
        "sim_time": 0.0032221998553723097
    },
    "PD-LQR_Robustness": {
        "mse_theta": 3.65658617328848e-05,
        "mae_theta": 0.0014971765430061897,
        "mse_x": 0.0004792924753670081,
        "mae_x": 0.009417245198047148,
        "iae_theta": 0.01262146645157189,
        "ise_theta": 0.00024431520349660335,
        "iae_x": 0.09011403018167043,
        "ise_x": 0.004340854000778601,
        "energy_l2": 1.4681183469443932,
        "energy_l1": 0.675447117279082,
        "ts_theta": 0.2,
        "ts_x": 2.2,
        "max_theta": 0.05,
        "max_x": 0.09999707362788496,
        "fell": false,
        "ctrl_time": 0.0006865994073450565,
        "sim_time": 0.003037799848243594
    },
    "MPC_Robustness": {
        "mse_theta": 6.240110526155166e-05,
        "mae_theta": 0.002570666112176416,
        "mse_x": 0.000380139201808837,
        "mae_x": 0.007206489138729366,
        "iae_theta": 0.02346251640393938,
        "ise_theta": 0.0005052511337953107,
        "iae_x": 0.06774264977950804,
        "ise_x": 0.003339369146332293,
        "energy_l2": 0.5648131860107681,
        "energy_l1": 0.6731103898441931,
        "ts_theta": 1.2000000000000002,
        "ts_x": 2.2,
        "max_theta": 0.05,
        "max_x": 0.11317385588986294,
        "fell": false,
        "ctrl_time": 0.9155666003935039,
        "sim_time": 0.9187342000659555
    },
    "MPC-J2_Robustness": {
        "mse_theta": 5.4469939565608404e-05,
        "mae_theta": 0.0023833792308946655,
        "mse_x": 0.0010060507250974622,
        "mae_x": 0.02126784444826047,
        "iae_theta": 0.021544896657527894,
        "ise_theta": 0.00042513155626103504,
        "iae_x": 0.20638428722280733,
        "ise_x": 0.009427055480555736,
        "energy_l2": 0.5829332281197864,
        "energy_l1": 0.5836798917517912,
        "ts_theta": 1.0,
        "ts_x": 1.1,
        "max_theta": 0.05,
        "max_x": 0.10070619272459062,
        "fell": false,
        "ctrl_time": 1.7229268013034016,
        "sim_time": 1.7257129000499845
    },
    "Fuzzy-LQR_Robustness": {
        "mse_theta": 9.394597343397248e-05,
        "mae_theta": 0.002894004965870908,
        "mse_x": 0.0003501673379531704,
        "mae_x": 0.0052183346319088515,
        "iae_theta": 0.026729449947083938,
        "ise_theta": 0.0008238543316831212,
        "iae_x": 0.04770517966573026,
        "ise_x": 0.003036690113327021,
        "energy_l2": 2.8003116199623,
        "energy_l1": 1.4331061919937187,
        "ts_theta": 0.8,
        "ts_x": 1.0,
        "max_theta": 0.05,
        "max_x": 0.10082991150939184,
        "fell": false,
        "ctrl_time": 0.002528997603803873,
        "sim_time": 0.0048645001370459795
    }
}