{
    "PID-PID_Robustness": {
        "mse_theta": 0.00015275883133474287,
        "mae_theta": 0.006707362508441685,
        "mse_x": 0.000649876987379131,
        "mae_x": 0.013762734055529316,
        "iae_theta": 0.06523514871886978,
        "ise_theta": 0.0014178624990348874,
        "iae_x": 0.1339129808934067,
        "ise_x": 0.006063593285470954,
        "energy_l2": 1.4920541276721806,
        "energy_l1": 2.0926843812799683,
        "ts_theta": 6.800000000000001,
        "ts_x": 8.3,
        "max_theta": 0.05,
        "max_x": 0.1599511667364945,
        "fell": false,
        "ctrl_time": 0.0012151999399065971,
        "sim_time": 0.0038197000976651907
    },
    "PID-LQR_Robustness": {
        "mse_theta": 0.00010820460567466036,
        "mae_theta": 0.004108665324657192,
        "mse_x": 0.0003676454065672575,
        "mae_x": 0.006296031766050957,
        "iae_theta": 0.03899750911394693,
        "ise_theta": 0.0009678665173117949,
        "iae_x": 0.05856635152647494,
        "ise_x": 0.0032132074960812195,
        "energy_l2": 1.2851883665902843,
        "energy_l1": 1.4196189525958751,
        "ts_theta": 3.7,
        "ts_x": 2.9000000000000004,
        "max_theta": 0.05,
        "max_x": 0.11589592264291786,
        "fell": false,
        "ctrl_time": 0.0010836999863386154,
        "sim_time": 0.003639900009147823
    },
    "LMPC_Robustness": {
        "mse_theta": 9.456499685654085e-05,
        "mae_theta": 0.0035928675638481865,
        "mse_x": 0.0003970907680962498,
        "mae_x": 0.0069621777579456845,
        "iae_theta": 0.03378764475753697,
        "ise_theta": 0.0008301064662331933,
        "iae_x": 0.06531672602082186,
        "ise_x": 0.0035106167255479254,
        "energy_l2": 1.0103927951046372,
        "energy_l1": 1.1203559952076112,
        "ts_theta": 2.9000000000000004,
        "ts_x": 2.2,
        "max_theta": 0.05,
        "max_x": 0.12535289583880033,
        "fell": false,
        "ctrl_time": 0.21252619964070618,
        "sim_time": 0.21558149997144938
    },
    "MPC_Robustness": {
        "mse_theta": 6.66942177787651e-05,
        "mae_theta": 0.0027398451644336424,
        "mse_x": 0.0003788287283030262,
        "mae_x": 0.006925418048893487,
        "iae_theta": 0.025172009142368963,
        "ise_theta": 0.0005486115959186332,
        "iae_x": 0.06494455598589126,
        "ise_x": 0.003326170062002764,
        "energy_l2": 0.6475282281407261,
        "energy_l1": 0.764215017652614,
        "ts_theta": 2.0,
        "ts_x": 3.0,
        "max_theta": 0.05,
        "max_x": 0.11484836442294644,
        "fell": false,
        "ctrl_time": 1.1028707994846627,
        "sim_time": 1.1062260000035167
    },
    "MPC-J2_Robustness": {
        "mse_theta": 6.681117540685841e-05,
        "mae_theta": 0.0027529576737904886,
        "mse_x": 0.0003790462792059823,
        "mae_x": 0.00705267716429609,
        "iae_theta": 0.02530208707034895,
        "ise_theta": 0.0005497927164363143,
        "iae_x": 0.06621344758675614,
        "ise_x": 0.0033283605069002265,
        "energy_l2": 0.6481811548313048,
        "energy_l1": 0.7682607539264774,
        "ts_theta": 2.0,
        "ts_x": 3.0,
        "max_theta": 0.05,
        "max_x": 0.11490974877458106,
        "fell": false,
        "ctrl_time": 0.970621999586001,
        "sim_time": 0.9734042000491172
    },
    "Fuzzy-LQR_Robustness": {
        "mse_theta": 4.714835844162144e-05,
        "mae_theta": 0.0018511378913711686,
        "mse_x": 0.00042576284939426347,
        "mae_x": 0.00802292261656173,
        "iae_theta": 0.016196488453837,
        "ise_theta": 0.0003511984202600155,
        "iae_x": 0.07603148879626027,
        "ise_x": 0.0038002047788645013,
        "energy_l2": 0.797749336403082,
        "energy_l1": 0.6416415784066348,
        "ts_theta": 2.3000000000000003,
        "ts_x": 3.1,
        "max_theta": 0.05,
        "max_x": 0.09999940737973624,
        "fell": false,
        "ctrl_time": 0.002479199436493218,
        "sim_time": 0.004904799978248775
    }
}