{
    "PD-PD_Robustness": {
        "mse_theta": 0.00015275883133474287,
        "mae_theta": 0.006707362508441685,
        "mse_x": 0.000649876987379131,
        "mae_x": 0.013762734055529316,
        "iae_theta": 0.06523514871886978,
        "ise_theta": 0.0014178624990348874,
        "iae_x": 0.1339129808934067,
        "ise_x": 0.006063593285470954,
        "energy_l2": 1.4920541276721806,
        "energy_l1": 2.0926843812799683,
        "ts_theta": 2.8000000000000003,
        "ts_x": 3.1,
        "max_theta": 0.05,
        "max_x": 0.1599511667364945,
        "fell": false,
        "ctrl_time": 0.001351197250187397,
        "sim_time": 0.0041992999613285065
    },
    "PD-LQR_Robustness": {
        "mse_theta": 5.917194999565933e-05,
        "mae_theta": 0.0027917828943427314,
        "mse_x": 0.0005426093078526382,
        "mae_x": 0.012380010928258774,
        "iae_theta": 0.02569676603304444,
        "ise_theta": 0.00047263669379261214,
        "iae_x": 0.11999831180874528,
        "ise_x": 0.004980322330793469,
        "energy_l2": 0.5571752748139553,
        "energy_l1": 0.7207732705724984,
        "ts_theta": 0.4,
        "ts_x": 3.7,
        "max_theta": 0.05,
        "max_x": 0.13437687248202848,
        "fell": false,
        "ctrl_time": 0.0011873994953930378,
        "sim_time": 0.0039865002036094666
    },
    "LMPC_Robustness": {
        "mse_theta": 9.406126590144722e-05,
        "mae_theta": 0.0037781455995101955,
        "mse_x": 0.0004575923771551725,
        "mae_x": 0.008677865398158997,
        "iae_theta": 0.03565852548354315,
        "ise_theta": 0.0008250187745019857,
        "iae_x": 0.08264386407756077,
        "ise_x": 0.004121682876505983,
        "energy_l2": 0.9676184117249693,
        "energy_l1": 1.161386062906393,
        "ts_theta": 1.5,
        "ts_x": 2.3000000000000003,
        "max_theta": 0.05,
        "max_x": 0.13472958666078502,
        "fell": false,
        "ctrl_time": 0.7010426996275783,
        "sim_time": 0.7050079996697605
    },
    "MPC_Robustness": {
        "mse_theta": 6.66942177787651e-05,
        "mae_theta": 0.0027398451644336424,
        "mse_x": 0.0003788287283030262,
        "mae_x": 0.006925418048893487,
        "iae_theta": 0.025172009142368963,
        "ise_theta": 0.0005486115959186332,
        "iae_x": 0.06494455598589126,
        "ise_x": 0.003326170062002764,
        "energy_l2": 0.6475282281407261,
        "energy_l1": 0.764215017652614,
        "ts_theta": 1.3,
        "ts_x": 2.0,
        "max_theta": 0.05,
        "max_x": 0.11484836442294644,
        "fell": false,
        "ctrl_time": 1.1664525996893644,
        "sim_time": 1.1696983999572694
    },
    "MPC-J2_Robustness": {
        "mse_theta": 6.681117540685841e-05,
        "mae_theta": 0.0027529576737904886,
        "mse_x": 0.0003790462792059823,
        "mae_x": 0.00705267716429609,
        "iae_theta": 0.02530208707034895,
        "ise_theta": 0.0005497927164363143,
        "iae_x": 0.06621344758675614,
        "ise_x": 0.0033283605069002265,
        "energy_l2": 0.6481811548313048,
        "energy_l1": 0.7682607539264774,
        "ts_theta": 1.3,
        "ts_x": 2.0,
        "max_theta": 0.05,
        "max_x": 0.11490974877458106,
        "fell": false,
        "ctrl_time": 1.0674978028982878,
        "sim_time": 1.070619400124997
    },
    "Fuzzy-LQR_Robustness": {
        "mse_theta": 0.0001978934236452396,
        "mae_theta": 0.005673038096981205,
        "mse_x": 0.0011085210488225134,
        "mae_x": 0.018416636218260708,
        "iae_theta": 0.054797080210844305,
        "ise_theta": 0.0018737235715068545,
        "iae_x": 0.18100569102626304,
        "ise_x": 0.010696062484083604,
        "energy_l2": 3.747116933421444,
        "energy_l1": 2.072350058322437,
        "ts_theta": 1.6,
        "ts_x": 3.3000000000000003,
        "max_theta": 0.054986986373230705,
        "max_x": 0.17383852522208812,
        "fell": false,
        "ctrl_time": 0.0034811007790267467,
        "sim_time": 0.0067449999041855335
    }
}