{
    "PD-PD": {
        "-0.75": 0.016593614462893074,
        "-0.5": 0.016674307143618457,
        "-0.3": 0.016738852133211163,
        "-0.1": 0.016803468754119293,
        "0.0": 0.016835813147130195,
        "0.1": 0.016868160357263476,
        "0.3": 0.01693287093846081,
        "0.5": 0.016997616277967437,
        "0.75": 0.017078624797150797,
        "1.0": 0.01715974838112021,
        "1.5": 0.017437316599060226,
        "2.0": 0.01772919112900509
    },
    "PD-LQR": {
        "-0.75": 0.012392181325958058,
        "-0.5": 0.012459185657534193,
        "-0.3": 0.01251304824129963,
        "-0.1": 0.012567141677603963,
        "0.0": 0.01259427511704062,
        "0.1": 0.01262146645157189,
        "0.3": 0.012676023048811944,
        "0.5": 0.012730811955403149,
        "0.75": 0.01279962551491627,
        "1.0": 0.012868803769267856,
        "1.5": 0.01300825817254159,
        "2.0": 0.013149182794900733
    },
    "MPC": {
        "-0.75": 0.02207368858115426,
        "-0.5": 0.022444125890655742,
        "-0.3": 0.022754370439157307,
        "-0.1": 0.023075307488338845,
        "0.0": 0.02323006806766337,
        "0.1": 0.02346251640393938,
        "0.3": 0.023843165679722167,
        "0.5": 0.024111777521487486,
        "0.75": 0.024656730868574388,
        "1.0": 0.025172009142368963,
        "1.5": 0.02617275079623652,
        "2.0": 0.027635075117162393
    },
    "MPC-J2": {
        "-0.75": 0.019911116298221277,
        "-0.5": 0.019226430508223338,
        "-0.3": 0.019853925862569528,
        "-0.1": 0.019884943970032484,
        "0.0": 0.018538357383850113,
        "0.1": 0.021544896657527894,
        "0.3": 0.022057932086252553,
        "0.5": 0.02126655588256867,
        "0.75": 0.020878241922705938,
        "1.0": 0.020288963162981323,
        "1.5": 0.0209082746343638,
        "2.0": 0.022028988369796762
    },
    "Fuzzy-LQR": {
        "-0.75": 0.012949610071972161,
        "-0.5": 0.012963640313909753,
        "-0.3": 0.01297498985483974,
        "-0.1": 0.012986265191349206,
        "0.0": 0.012991877942246715,
        "0.1": 0.012997475738122658,
        "0.3": 0.013008727355045864,
        "0.5": 0.013020029139085749,
        "0.75": 0.013034695329667693,
        "1.0": 0.01306716112539598,
        "1.5": 0.013132675230400705,
        "2.0": 0.013199117573703895
    }
}