{
    "PD-PD_Robustness": {
        "mse_theta": 4.668604121925794e-05,
        "mae_theta": 0.0019176397086348971,
        "mse_x": 0.00040054789342611815,
        "mae_x": 0.00680930050260889,
        "iae_theta": 0.016868160357263476,
        "ise_theta": 0.00034652901631449515,
        "iae_x": 0.06377392267056395,
        "ise_x": 0.003545533723600715,
        "energy_l2": 0.8453984712869294,
        "energy_l1": 0.7490271699309958,
        "ts_theta": 0.30000000000000004,
        "ts_x": 1.2000000000000002,
        "max_theta": 0.05,
        "max_x": 0.10457503561477392,
        "fell": false,
        "ctrl_time": 0.0006812992505729198,
        "sim_time": 0.003359799971804023
    },
    "PD-LQR_Robustness": {
        "mse_theta": 3.65658617328848e-05,
        "mae_theta": 0.0014971765430061897,
        "mse_x": 0.0004792924753670081,
        "mae_x": 0.009417245198047148,
        "iae_theta": 0.01262146645157189,
        "ise_theta": 0.00024431520349660335,
        "iae_x": 0.09011403018167043,
        "ise_x": 0.004340854000778601,
        "energy_l2": 1.4681183469443932,
        "energy_l1": 0.675447117279082,
        "ts_theta": 0.2,
        "ts_x": 2.2,
        "max_theta": 0.05,
        "max_x": 0.09999707362788496,
        "fell": false,
        "ctrl_time": 0.0008224996272474527,
        "sim_time": 0.0034155999310314655
    },
    "MPC_Robustness": {
        "mse_theta": 6.186456071967957e-05,
        "mae_theta": 0.002523962694052759,
        "mse_x": 0.0003747188132683169,
        "mae_x": 0.006940293501723694,
        "iae_theta": 0.022990491176977507,
        "ise_theta": 0.0004998320163262641,
        "iae_x": 0.06503148109910635,
        "ise_x": 0.003284574252841448,
        "energy_l2": 0.5708747443249195,
        "energy_l1": 0.6678837058328958,
        "ts_theta": 1.2000000000000002,
        "ts_x": 0.9,
        "max_theta": 0.05,
        "max_x": 0.11110532120257871,
        "fell": false,
        "ctrl_time": 1.0890584995504469,
        "sim_time": 1.0929082999937236
    },
    "MPC-J2_Robustness": {
        "mse_theta": 5.412809100626153e-05,
        "mae_theta": 0.0023583577025060695,
        "mse_x": 0.0004680587859162753,
        "mae_x": 0.01122550300856465,
        "iae_theta": 0.021304732864133792,
        "ise_theta": 0.0004216894091556539,
        "iae_x": 0.10690066160338514,
        "ise_x": 0.004183767955915857,
        "energy_l2": 0.6122152814975168,
        "energy_l1": 0.660427143286682,
        "ts_theta": 1.0,
        "ts_x": 1.0,
        "max_theta": 0.05,
        "max_x": 0.12953837566235576,
        "fell": false,
        "ctrl_time": 2.4834078000858426,
        "sim_time": 2.4876475997734815
    },
    "Fuzzy-LQR_Robustness": {
        "mse_theta": 7.500789744941495e-05,
        "mae_theta": 0.0025367509347985033,
        "mse_x": 0.00036764047390402293,
        "mae_x": 0.006157169585663409,
        "iae_theta": 0.023121182916450957,
        "ise_theta": 0.0006325797642390444,
        "iae_x": 0.057187387411663224,
        "ise_x": 0.003213168786417725,
        "energy_l2": 2.8750484941391723,
        "energy_l1": 1.600154561797405,
        "ts_theta": 0.7000000000000001,
        "ts_x": 1.2000000000000002,
        "max_theta": 0.05,
        "max_x": 0.10269924293957634,
        "fell": false,
        "ctrl_time": 0.003719999920576811,
        "sim_time": 0.007190800039097667
    }
}