{
    "PD-PD_Robustness": {
        "mse_theta": 4.668604121925794e-05,
        "mae_theta": 0.0019176397086348971,
        "mse_x": 0.00040054789342611815,
        "mae_x": 0.00680930050260889,
        "iae_theta": 0.016868160357263476,
        "ise_theta": 0.00034652901631449515,
        "iae_x": 0.06377392267056395,
        "ise_x": 0.003545533723600715,
        "energy_l2": 0.8453984712869294,
        "energy_l1": 0.7490271699309958,
        "ts_theta": 0.30000000000000004,
        "ts_x": 1.2000000000000002,
        "max_theta": 0.05,
        "max_x": 0.10457503561477392,
        "fell": false,
        "ctrl_time": 0.000737600727006793,
        "sim_time": 0.003562399884685874
    },
    "PD-LQR_Robustness": {
        "mse_theta": 3.65658617328848e-05,
        "mae_theta": 0.0014971765430061897,
        "mse_x": 0.0004792924753670081,
        "mae_x": 0.009417245198047148,
        "iae_theta": 0.01262146645157189,
        "ise_theta": 0.00024431520349660335,
        "iae_x": 0.09011403018167043,
        "ise_x": 0.004340854000778601,
        "energy_l2": 1.4681183469443932,
        "energy_l1": 0.675447117279082,
        "ts_theta": 0.2,
        "ts_x": 2.2,
        "max_theta": 0.05,
        "max_x": 0.09999707362788496,
        "fell": false,
        "ctrl_time": 0.0008506004232913256,
        "sim_time": 0.0035142998676747084
    },
    "MPC_Robustness": {
        "mse_theta": 6.240111677719504e-05,
        "mae_theta": 0.002570677852867762,
        "mse_x": 0.0003801399016295035,
        "mae_x": 0.007206586819525548,
        "iae_theta": 0.02346263470225,
        "ise_theta": 0.0005052512500896107,
        "iae_x": 0.06774361182942322,
        "ise_x": 0.003339376172431458,
        "energy_l2": 0.5648036076016362,
        "energy_l1": 0.6731069722920959,
        "ts_theta": 1.2000000000000002,
        "ts_x": 2.2,
        "max_theta": 0.05,
        "max_x": 0.11317403014980257,
        "fell": false,
        "ctrl_time": 0.9356396999210119,
        "sim_time": 0.9388268999755383
    },
    "MPC-J2_Robustness": {
        "mse_theta": 5.412809100626153e-05,
        "mae_theta": 0.0023583577025060695,
        "mse_x": 0.0004680587859162753,
        "mae_x": 0.01122550300856465,
        "iae_theta": 0.021304732864133792,
        "ise_theta": 0.0004216894091556539,
        "iae_x": 0.10690066160338514,
        "ise_x": 0.004183767955915857,
        "energy_l2": 0.6122152814975168,
        "energy_l1": 0.660427143286682,
        "ts_theta": 1.0,
        "ts_x": 1.0,
        "max_theta": 0.05,
        "max_x": 0.12953837566235576,
        "fell": false,
        "ctrl_time": 2.1300035011954606,
        "sim_time": 2.1336374999955297
    },
    "Fuzzy-LQR_Robustness": {
        "mse_theta": 8.374049769498789e-05,
        "mae_theta": 0.0030894159301880796,
        "mse_x": 0.00037150165039700236,
        "mae_x": 0.006777663527210983,
        "iae_theta": 0.028703098386834502,
        "ise_theta": 0.0007207790267192523,
        "iae_x": 0.06345428818903813,
        "ise_x": 0.003252166668752369,
        "energy_l2": 1.4614818076576117,
        "energy_l1": 1.0919120854586104,
        "ts_theta": 1.1,
        "ts_x": 2.3000000000000003,
        "max_theta": 0.05,
        "max_x": 0.11508352124907704,
        "fell": false,
        "ctrl_time": 0.002613001735880971,
        "sim_time": 0.0050443001091480255
    }
}