{
    "PD-PD_Robustness": {
        "mse_theta": 0.00015275883133474287,
        "mae_theta": 0.006707362508441685,
        "mse_x": 0.000649876987379131,
        "mae_x": 0.013762734055529316,
        "iae_theta": 0.06523514871886978,
        "ise_theta": 0.0014178624990348874,
        "iae_x": 0.1339129808934067,
        "ise_x": 0.006063593285470954,
        "energy_l2": 1.4920541276721806,
        "energy_l1": 2.0926843812799683,
        "ts_theta": 2.8000000000000003,
        "ts_x": 3.1,
        "max_theta": 0.05,
        "max_x": 0.1599511667364945,
        "fell": false,
        "ctrl_time": 0.0012123007327318192,
        "sim_time": 0.003799999598413706
    },
    "PD-LQR_Robustness": {
        "mse_theta": 5.163875124396696e-05,
        "mae_theta": 0.002082690154705163,
        "mse_x": 0.00037818420604323797,
        "mae_x": 0.006181109270131932,
        "iae_theta": 0.01853517041877486,
        "ise_theta": 0.0003965513875640659,
        "iae_x": 0.05740523340335577,
        "ise_x": 0.0033196489896029943,
        "energy_l2": 0.6252016622344921,
        "energy_l1": 0.5733897765286639,
        "ts_theta": 0.9,
        "ts_x": 1.1,
        "max_theta": 0.05,
        "max_x": 0.09982443806959583,
        "fell": false,
        "ctrl_time": 0.0010519013740122318,
        "sim_time": 0.003677399829030037
    },
    "LMPC_Robustness": {
        "mse_theta": 9.456499685654085e-05,
        "mae_theta": 0.0035928675638481865,
        "mse_x": 0.0003970907680962498,
        "mae_x": 0.0069621777579456845,
        "iae_theta": 0.03378764475753697,
        "ise_theta": 0.0008301064662331933,
        "iae_x": 0.06531672602082186,
        "ise_x": 0.0035106167255479254,
        "energy_l2": 1.0103927951046372,
        "energy_l1": 1.1203559952076112,
        "ts_theta": 1.4000000000000001,
        "ts_x": 1.9000000000000001,
        "max_theta": 0.05,
        "max_x": 0.12535289583880033,
        "fell": false,
        "ctrl_time": 0.2614604034461081,
        "sim_time": 0.2650978001765907
    },
    "MPC_Robustness": {
        "mse_theta": 6.66942177787651e-05,
        "mae_theta": 0.0027398451644336424,
        "mse_x": 0.0003788287283030262,
        "mae_x": 0.006925418048893487,
        "iae_theta": 0.025172009142368963,
        "ise_theta": 0.0005486115959186332,
        "iae_x": 0.06494455598589126,
        "ise_x": 0.003326170062002764,
        "energy_l2": 0.6475282281407261,
        "energy_l1": 0.764215017652614,
        "ts_theta": 1.3,
        "ts_x": 2.0,
        "max_theta": 0.05,
        "max_x": 0.11484836442294644,
        "fell": false,
        "ctrl_time": 1.106233098078519,
        "sim_time": 1.1095183002762496
    },
    "MPC-J2_Robustness": {
        "mse_theta": 6.681117540685841e-05,
        "mae_theta": 0.0027529576737904886,
        "mse_x": 0.0003790462792059823,
        "mae_x": 0.00705267716429609,
        "iae_theta": 0.02530208707034895,
        "ise_theta": 0.0005497927164363143,
        "iae_x": 0.06621344758675614,
        "ise_x": 0.0033283605069002265,
        "energy_l2": 0.6481811548313048,
        "energy_l1": 0.7682607539264774,
        "ts_theta": 1.3,
        "ts_x": 2.0,
        "max_theta": 0.05,
        "max_x": 0.11490974877458106,
        "fell": false,
        "ctrl_time": 0.931209203787148,
        "sim_time": 0.9338036999106407
    },
    "Fuzzy-LQR_Robustness": {
        "mse_theta": 0.0001978934236452396,
        "mae_theta": 0.005673038096981205,
        "mse_x": 0.0011085210488225134,
        "mae_x": 0.018416636218260708,
        "iae_theta": 0.054797080210844305,
        "ise_theta": 0.0018737235715068545,
        "iae_x": 0.18100569102626304,
        "ise_x": 0.010696062484083604,
        "energy_l2": 3.747116933421444,
        "energy_l1": 2.072350058322437,
        "ts_theta": 1.6,
        "ts_x": 3.3000000000000003,
        "max_theta": 0.054986986373230705,
        "max_x": 0.17383852522208812,
        "fell": false,
        "ctrl_time": 0.0024115010164678097,
        "sim_time": 0.004702799953520298
    }
}