{
    "PD-PD": {
        "-0.75": 0.0372905245975893,
        "-0.5": 0.03973812998246642,
        "-0.3": 0.04193261613902867,
        "-0.1": 0.044380304187489096,
        "0.0": 0.04571867413486941,
        "0.1": 0.04713997845582826,
        "0.3": 0.05026217049516824,
        "0.5": 0.053823294615484636,
        "0.75": 0.05903258603341865,
        "1.0": 0.06531157962607995,
        "1.5": 0.08251681469995488,
        "2.0": 0.10982393255803305
    },
    "PD-LQR": {
        "-0.75": 0.02337685296679607,
        "-0.5": 0.02368835126712657,
        "-0.3": 0.023942797406697563,
        "-0.1": 0.024201584281655288,
        "0.0": 0.024342348023324828,
        "0.1": 0.024491879405539888,
        "0.3": 0.024782355852327694,
        "0.5": 0.02509688994134383,
        "0.75": 0.025514584663601916,
        "1.0": 0.026160738732361577,
        "1.5": 0.027396032239418278,
        "2.0": 0.02893070047804361
    },
    "LMPC": {
        "-0.75": 0.028911949677815144,
        "-0.5": 0.0296239734012704,
        "-0.3": 0.030440241879169615,
        "-0.1": 0.0315976031391195,
        "0.0": 0.030556033240597698,
        "0.1": 0.03158952251319174,
        "0.3": 0.03155336641348412,
        "0.5": 0.032732702521665484,
        "0.75": 0.0346961762288339,
        "1.0": 0.035580923028253504,
        "1.5": 0.03982657578168007,
        "2.0": 0.0457183976816327
    },
    "MPC": {
        "-0.75": 0.022073842116643715,
        "-0.5": 0.02244387486972226,
        "-0.3": 0.022756901558854674,
        "-0.1": 0.02311455566010586,
        "0.0": 0.02322941378468446,
        "0.1": 0.02346263470225,
        "0.3": 0.023847257716718098,
        "0.5": 0.024112781466947324,
        "0.75": 0.024616440232884836,
        "1.0": 0.0252466755296751,
        "1.5": 0.02620801433306706,
        "2.0": 0.02759108327319328
    },
    "MPC-J2": {
        "-0.75": 0.022107702348354998,
        "-0.5": 0.02251608036584542,
        "-0.3": 0.022816712601101723,
        "-0.1": 0.02312964776723175,
        "0.0": 0.023404682991292617,
        "0.1": 0.02346919546578713,
        "0.3": 0.023841334029472812,
        "0.5": 0.024297728709993333,
        "0.75": 0.024636450829805194,
        "1.0": 0.025299415242373995,
        "1.5": 0.026242867641087905,
        "2.0": 0.027667322290152726
    },
    "Fuzzy-LQR": {
        "-0.75": 0.013919667779964402,
        "-0.5": 0.013987600614872767,
        "-0.3": 0.01404202338053587,
        "-0.1": 0.01409635274719063,
        "0.0": 0.014123485528154369,
        "0.1": 0.014150597598947944,
        "0.3": 0.014204763330780839,
        "0.5": 0.014258933874735142,
        "0.75": 0.01432891676690981,
        "1.0": 0.014398733476015108,
        "1.5": 0.014537961356154162,
        "2.0": 0.014677061958303761
    }
}