{
    "PD-PD_Robustness": {
        "mse_theta": 0.00011674039010861616,
        "mae_theta": 0.004909483751741799,
        "mse_x": 0.0005175493500236414,
        "mae_x": 0.010374196907638819,
        "iae_theta": 0.04708475570990184,
        "ise_theta": 0.0010540779188714957,
        "iae_x": 0.09970176204167776,
        "ise_x": 0.004727127917068619,
        "energy_l2": 0.9882659083733766,
        "energy_l1": 1.4103370378702456,
        "ts_theta": 1.6,
        "ts_x": 2.0,
        "max_theta": 0.05,
        "max_x": 0.14687188477153712,
        "fell": false,
        "ctrl_time": 0.0015641022473573685,
        "sim_time": 0.004522699862718582
    },
    "PD-LQR_Robustness": {
        "mse_theta": 5.603518157537324e-05,
        "mae_theta": 0.0026678422660205963,
        "mse_x": 0.0005412433207552048,
        "mae_x": 0.012635158858114025,
        "iae_theta": 0.024444334113761637,
        "ise_theta": 0.000440955318676614,
        "iae_x": 0.12257292316141438,
        "ise_x": 0.004966521954376831,
        "energy_l2": 0.5117025683377465,
        "energy_l1": 0.6456503703788906,
        "ts_theta": 0.4,
        "ts_x": 3.9000000000000004,
        "max_theta": 0.05,
        "max_x": 0.1330212049752484,
        "fell": false,
        "ctrl_time": 0.0013214023783802986,
        "sim_time": 0.004180199932307005
    },
    "LMPC_Robustness": {
        "mse_theta": 8.326996122325533e-05,
        "mae_theta": 0.0033752975826296496,
        "mse_x": 0.00047435905495143516,
        "mae_x": 0.009672447437163766,
        "iae_theta": 0.03158952251319174,
        "ise_theta": 0.0007160265890262924,
        "iae_x": 0.09268824028599329,
        "ise_x": 0.004291026212964421,
        "energy_l2": 0.7628375393842424,
        "energy_l1": 0.9493112965872241,
        "ts_theta": 1.5,
        "ts_x": 2.8000000000000003,
        "max_theta": 0.05,
        "max_x": 0.1333701754930637,
        "fell": false,
        "ctrl_time": 0.46725410083308816,
        "sim_time": 0.47035889979451895
    },
    "MPC_Robustness": {
        "mse_theta": 6.240111677719504e-05,
        "mae_theta": 0.002570677852867762,
        "mse_x": 0.0003801399016295035,
        "mae_x": 0.007206586819525548,
        "iae_theta": 0.02346263470225,
        "ise_theta": 0.0005052512500896107,
        "iae_x": 0.06774361182942322,
        "ise_x": 0.003339376172431458,
        "energy_l2": 0.5648036076016362,
        "energy_l1": 0.6731069722920959,
        "ts_theta": 1.2000000000000002,
        "ts_x": 2.2,
        "max_theta": 0.05,
        "max_x": 0.11317403014980257,
        "fell": false,
        "ctrl_time": 0.9509926992468536,
        "sim_time": 0.9541051997803152
    },
    "MPC-J2_Robustness": {
        "mse_theta": 6.24117450960635e-05,
        "mae_theta": 0.002571328723835916,
        "mse_x": 0.00038023969875670125,
        "mae_x": 0.007253385040056006,
        "iae_theta": 0.02346919546578713,
        "ise_theta": 0.0005053585954751359,
        "iae_x": 0.06820663628999211,
        "ise_x": 0.003340365721896713,
        "energy_l2": 0.5654274207991262,
        "energy_l1": 0.6738187877236721,
        "ts_theta": 1.2000000000000002,
        "ts_x": 2.2,
        "max_theta": 0.05,
        "max_x": 0.11319756912739569,
        "fell": false,
        "ctrl_time": 1.0748803983442485,
        "sim_time": 1.0780291999690235
    },
    "Fuzzy-LQR_Robustness": {
        "mse_theta": 0.0001715056734494513,
        "mae_theta": 0.005185785639636869,
        "mse_x": 0.000943385490412374,
        "mae_x": 0.01701617064814222,
        "iae_theta": 0.0498758450242263,
        "ise_theta": 0.0016072072948789661,
        "iae_x": 0.1668599498756835,
        "ise_x": 0.009028193225531918,
        "energy_l2": 2.9369375808096367,
        "energy_l1": 1.838842338019136,
        "ts_theta": 1.5,
        "ts_x": 3.3000000000000003,
        "max_theta": 0.05272199138012626,
        "max_x": 0.164567657747516,
        "fell": false,
        "ctrl_time": 0.0028177998028695583,
        "sim_time": 0.005293500144034624
    }
}