{
    "PID-PID_Robustness": {
        "mse_theta": 0.00015275883133474287,
        "mae_theta": 0.006707362508441685,
        "mse_x": 0.000649876987379131,
        "mae_x": 0.013762734055529316,
        "iae_theta": 0.06523514871886978,
        "ise_theta": 0.0014178624990348874,
        "iae_x": 0.1339129808934067,
        "ise_x": 0.006063593285470954,
        "energy_l2": 1.4920541276721806,
        "energy_l1": 2.0926843812799683,
        "ts_theta": 6.800000000000001,
        "ts_x": 8.3,
        "max_theta": 0.05,
        "max_x": 0.1599511667364945,
        "fell": false,
        "ctrl_time": 0.001523700077086687,
        "sim_time": 0.0042597000719979405
    },
    "PID-LQR_Robustness": {
        "mse_theta": 5.163875124396696e-05,
        "mae_theta": 0.002082690154705163,
        "mse_x": 0.00037818420604323797,
        "mae_x": 0.006181109270131932,
        "iae_theta": 0.01853517041877486,
        "ise_theta": 0.0003965513875640659,
        "iae_x": 0.05740523340335577,
        "ise_x": 0.0033196489896029943,
        "energy_l2": 0.6252016622344921,
        "energy_l1": 0.5733897765286639,
        "ts_theta": 2.0,
        "ts_x": 1.6,
        "max_theta": 0.05,
        "max_x": 0.09982443806959583,
        "fell": false,
        "ctrl_time": 0.0014090000186115503,
        "sim_time": 0.004393500043079257
    },
    "LMPC_Robustness": {
        "mse_theta": 9.456490236759078e-05,
        "mae_theta": 0.0035928647645692585,
        "mse_x": 0.00039709054215833836,
        "mae_x": 0.006962171954282182,
        "iae_theta": 0.03378761649234568,
        "ise_theta": 0.000830105511894893,
        "iae_x": 0.06531666749583892,
        "ise_x": 0.003510614443579692,
        "energy_l2": 1.0103915227753864,
        "energy_l1": 1.1203548766124847,
        "ts_theta": 2.9000000000000004,
        "ts_x": 2.2,
        "max_theta": 0.05,
        "max_x": 0.1253528344437702,
        "fell": false,
        "ctrl_time": 0.28113380004651845,
        "sim_time": 0.2849485999904573
    },
    "MPC_Robustness": {
        "mse_theta": 6.669765669542164e-05,
        "mae_theta": 0.0027474626145795214,
        "mse_x": 0.0003789781548912174,
        "mae_x": 0.007044208200192928,
        "iae_theta": 0.0252466755296751,
        "ise_theta": 0.0005486461871607851,
        "iae_x": 0.06612631319046493,
        "ise_x": 0.0033276712119769064,
        "energy_l2": 0.6475369321877362,
        "energy_l1": 0.7666958423534938,
        "ts_theta": 2.0,
        "ts_x": 3.0,
        "max_theta": 0.05,
        "max_x": 0.11485430600080723,
        "fell": false,
        "ctrl_time": 1.4025458005489781,
        "sim_time": 1.4064983000280336
    },
    "MPC-J2_Robustness": {
        "mse_theta": 6.68317849994245e-05,
        "mae_theta": 0.0027525222005364233,
        "mse_x": 0.00037934390010420594,
        "mae_x": 0.007011669674361827,
        "iae_theta": 0.025299415242373995,
        "ise_theta": 0.0005500010060652857,
        "iae_x": 0.06581040691016168,
        "ise_x": 0.0033313722789748883,
        "energy_l2": 0.6479419121176545,
        "energy_l1": 0.767973903504447,
        "ts_theta": 2.7,
        "ts_x": 3.0,
        "max_theta": 0.05,
        "max_x": 0.11505620133174362,
        "fell": false,
        "ctrl_time": 1.126956200110726,
        "sim_time": 1.1299965999787673
    },
    "Fuzzy-LQR_Robustness": {
        "mse_theta": 4.714835844162144e-05,
        "mae_theta": 0.0018511378913711686,
        "mse_x": 0.00042576284939426347,
        "mae_x": 0.00802292261656173,
        "iae_theta": 0.016196488453837,
        "ise_theta": 0.0003511984202600155,
        "iae_x": 0.07603148879626027,
        "ise_x": 0.0038002047788645013,
        "energy_l2": 0.797749336403082,
        "energy_l1": 0.6416415784066348,
        "ts_theta": 2.3000000000000003,
        "ts_x": 3.1,
        "max_theta": 0.05,
        "max_x": 0.09999940737973624,
        "fell": false,
        "ctrl_time": 0.002906999201513827,
        "sim_time": 0.0055976000148803
    }
}