{
    "PD-PD": {
        "-0.2": 0.016771126391905547,
        "-0.1": 0.016803468754119293,
        "0.0": 0.016835813147130195,
        "0.1": 0.016868160357263476,
        "0.2": 0.0169005123009417,
        "0.3": 0.01693287093846081,
        "0.4": 0.01696523825785906,
        "0.5": 0.016997616277967437
    },
    "PD-LQR": {
        "-0.2": 0.012540066072575644,
        "-0.1": 0.012567141677603963,
        "0.0": 0.01259427511704062,
        "0.1": 0.01262146645157189,
        "0.2": 0.012648715741913825,
        "0.3": 0.012676023048811944,
        "0.4": 0.012703388433040703,
        "0.5": 0.012730811955403149
    },
    "MPC": {
        "-0.2": 0.02248044223635585,
        "-0.1": 0.022750668047912488,
        "0.0": 0.02287184122031611,
        "0.1": 0.022990491176977507,
        "0.2": 0.023127284211619754,
        "0.3": 0.023419532283465497,
        "0.4": 0.023485667369291054,
        "0.5": 0.023709505682695396
    },
    "MPC-J2": {
        "-0.2": 0.019283614958230555,
        "-0.1": 0.021693290359743874,
        "0.0": 0.019824372657623674,
        "0.1": 0.021304732864133792,
        "0.2": 0.023154962819992318,
        "0.3": 0.022849181146902025,
        "0.4": 0.02193153966762851,
        "0.5": 0.02203522919874416
    },
    "Fuzzy-LQR": {
        "-0.2": 0.012523772363281923,
        "-0.1": 0.0125187339637582,
        "0.0": 0.01251333839282983,
        "0.1": 0.012507607668796591,
        "0.2": 0.012501559034329385,
        "0.3": 0.012495211586589014,
        "0.4": 0.01248858372314822,
        "0.5": 0.012481693159839845
    }
}