{
    "PID-PID": {
        "-0.75": 0.0372884579680269,
        "-0.5": 0.03973728339130606,
        "-0.3": 0.04193224259521457,
        "-0.1": 0.044380145031127416,
        "0.0": 0.04571860462512459,
        "0.1": 0.047139948027077216,
        "0.3": 0.05026215660877645,
        "0.5": 0.05382328829532188,
        "0.75": 0.05903258300535184,
        "1.0": 0.06531157816513983,
        "1.5": 0.08251681386149604,
        "2.0": 0.10982393215801489
    },
    "PID-LQR": {
        "-0.75": 0.017654552552580548,
        "-0.5": 0.017724038177658615,
        "-0.3": 0.01776744084700559,
        "-0.1": 0.01780772364483214,
        "0.0": 0.017797278328337926,
        "0.1": 0.017783346366733132,
        "0.3": 0.017812818276244726,
        "0.5": 0.017837910387040558,
        "0.75": 0.017882348687072374,
        "1.0": 0.017922079334210174,
        "1.5": 0.018081139115316565,
        "2.0": 0.018279674617877367
    },
    "LMPC": {
        "-0.75": 0.02792773439557048,
        "-0.5": 0.028451044171426007,
        "-0.3": 0.028949223675002383,
        "-0.1": 0.029466298022588475,
        "0.0": 0.02991845539226977,
        "0.1": 0.030090660509208934,
        "0.3": 0.03070326699027996,
        "0.5": 0.03144858353515367,
        "0.75": 0.03249567703553365,
        "1.0": 0.03378761649234568,
        "1.5": 0.03674211540915922,
        "2.0": 0.04093503539256786
    },
    "MPC": {
        "-0.75": 0.022073842116643715,
        "-0.5": 0.02244387486972226,
        "-0.3": 0.022756901558854674,
        "-0.1": 0.02311455566010586,
        "0.0": 0.02322941378468446,
        "0.1": 0.02346263470225,
        "0.3": 0.023847257716718098,
        "0.5": 0.024112781466947324,
        "0.75": 0.024616440232884836,
        "1.0": 0.0252466755296751,
        "1.5": 0.02620801433306706,
        "2.0": 0.02759108327319328
    },
    "MPC-J2": {
        "-0.75": 0.022107702348354998,
        "-0.5": 0.02251608036584542,
        "-0.3": 0.022816712601101723,
        "-0.1": 0.02312964776723175,
        "0.0": 0.023404682991292617,
        "0.1": 0.02346919546578713,
        "0.3": 0.023841334029472812,
        "0.5": 0.024297728709993333,
        "0.75": 0.024636450829805194,
        "1.0": 0.025299415242373995,
        "1.5": 0.026242867641087905,
        "2.0": 0.027667322290152726
    },
    "Fuzzy-LQR": {
        "-0.75": 0.015477045416392093,
        "-0.5": 0.015577094238831106,
        "-0.3": 0.015658074800526257,
        "-0.1": 0.015739782992080724,
        "0.0": 0.015780859915303754,
        "0.1": 0.015822053120985665,
        "0.3": 0.015904694427164287,
        "0.5": 0.015987658848151825,
        "0.75": 0.016091819901254703,
        "1.0": 0.016196488453837,
        "1.5": 0.016468220336857933,
        "2.0": 0.016809885933611452
    }
}