{
    "PD-PD": {
        "-0.75": 0.016593614462893074,
        "-0.5": 0.016674307143618457,
        "-0.3": 0.016738852133211163,
        "-0.1": 0.016803468754119293,
        "0.0": 0.016835813147130195,
        "0.1": 0.016868160357263476,
        "0.3": 0.01693287093846081,
        "0.5": 0.016997616277967437,
        "0.75": 0.017078624797150797,
        "1.0": 0.01715974838112021,
        "1.5": 0.017437316599060226,
        "2.0": 0.01772919112900509
    },
    "PD-LQR": {
        "-0.75": 0.012392181325958058,
        "-0.5": 0.012459185657534193,
        "-0.3": 0.01251304824129963,
        "-0.1": 0.012567141677603963,
        "0.0": 0.01259427511704062,
        "0.1": 0.01262146645157189,
        "0.3": 0.012676023048811944,
        "0.5": 0.012730811955403149,
        "0.75": 0.01279962551491627,
        "1.0": 0.012868803769267856,
        "1.5": 0.01300825817254159,
        "2.0": 0.013149182794900733
    },
    "MPC": {
        "-0.75": 0.022073842116643715,
        "-0.5": 0.02244387486972226,
        "-0.3": 0.022756901558854674,
        "-0.1": 0.02311455566010586,
        "0.0": 0.02322941378468446,
        "0.1": 0.02346263470225,
        "0.3": 0.023847257716718098,
        "0.5": 0.024112781466947324,
        "0.75": 0.024616440232884836,
        "1.0": 0.0252466755296751,
        "1.5": 0.02620801433306706,
        "2.0": 0.02759108327319328
    },
    "MPC-J2": {
        "-0.75": 0.018726894095707238,
        "-0.5": 0.018599365697824298,
        "-0.3": 0.0193409142265163,
        "-0.1": 0.021693290359743874,
        "0.0": 0.019824372657623674,
        "0.1": 0.021304732864133792,
        "0.3": 0.022849181146902025,
        "0.5": 0.02203522919874416,
        "0.75": 0.02090784545028768,
        "1.0": 0.021268669895527753,
        "1.5": 0.02062595548396798,
        "2.0": 0.021171213235015005
    },
    "Fuzzy-LQR": {
        "-0.75": NaN,
        "-0.5": NaN,
        "-0.3": NaN,
        "-0.1": NaN,
        "0.0": NaN,
        "0.1": NaN,
        "0.3": NaN,
        "0.5": NaN,
        "0.75": NaN,
        "1.0": NaN,
        "1.5": NaN,
        "2.0": NaN
    }
}