{
    "PD-PD": {
        "-0.75": 0.0372884579680269,
        "-0.5": 0.03973728339130606,
        "-0.3": 0.04193224259521457,
        "-0.1": 0.044380145031127416,
        "0.0": 0.04571860462512459,
        "0.1": 0.047139948027077216,
        "0.3": 0.05026215660877645,
        "0.5": 0.05382328829532188,
        "0.75": 0.05903258300535184,
        "1.0": 0.06531157816513983,
        "1.5": 0.08251681386149604,
        "2.0": 0.10982393215801489
    },
    "PD-LQR": {
        "-0.75": 0.017654552552580548,
        "-0.5": 0.017724038177658615,
        "-0.3": 0.01776744084700559,
        "-0.1": 0.01780772364483214,
        "0.0": 0.017797278328337926,
        "0.1": 0.017783346366733132,
        "0.3": 0.017812818276244726,
        "0.5": 0.017837910387040558,
        "0.75": 0.017882348687072374,
        "1.0": 0.017922079334210174,
        "1.5": 0.018081139115316565,
        "2.0": 0.018279674617877367
    },
    "LMPC": {
        "-0.75": 0.027927747482240885,
        "-0.5": 0.02845105047956214,
        "-0.3": 0.02894924113746685,
        "-0.1": 0.029466326002655585,
        "0.0": 0.029918475385789418,
        "0.1": 0.03009067680279156,
        "0.3": 0.03070329222720025,
        "0.5": 0.03144858425594294,
        "0.75": 0.032495701761762405,
        "1.0": 0.03378764475753697,
        "1.5": 0.03674212894837699,
        "2.0": 0.04093504356402877
    },
    "MPC": {
        "-0.75": 0.02207368858115426,
        "-0.5": 0.022444125890655742,
        "-0.3": 0.022754370439157307,
        "-0.1": 0.023075307488338845,
        "0.0": 0.02323006806766337,
        "0.1": 0.02346251640393938,
        "0.3": 0.023843165679722167,
        "0.5": 0.024111777521487486,
        "0.75": 0.024656730868574388,
        "1.0": 0.025172009142368963,
        "1.5": 0.02617275079623652,
        "2.0": 0.027635075117162393
    },
    "MPC-J2": {
        "-0.75": 0.02210420042403215,
        "-0.5": 0.02251591523465663,
        "-0.3": 0.02281638254689421,
        "-0.1": 0.02312961202930213,
        "0.0": 0.023472950351516832,
        "0.1": 0.02346926770866972,
        "0.3": 0.023841395211304645,
        "0.5": 0.024297678553230014,
        "0.75": 0.024636658682787027,
        "1.0": 0.02530208707034895,
        "1.5": 0.0262357205375507,
        "2.0": 0.027641992709776665
    },
    "Fuzzy-LQR": {
        "-0.75": 0.013919667779964402,
        "-0.5": 0.013987600614872767,
        "-0.3": 0.01404202338053587,
        "-0.1": 0.01409635274719063,
        "0.0": 0.014123485528154369,
        "0.1": 0.014150597598947944,
        "0.3": 0.014204763330780839,
        "0.5": 0.014258933874735142,
        "0.75": 0.01432891676690981,
        "1.0": 0.014398733476015108,
        "1.5": 0.014537961356154162,
        "2.0": 0.014677061958303761
    }
}