{
    "PID-PID": {
        "-0.75": 0.0372884579680269,
        "-0.5": 0.03973728339130606,
        "-0.3": 0.04193224259521457,
        "-0.1": 0.044380145031127416,
        "0.0": 0.04571860462512459,
        "0.1": 0.047139948027077216,
        "0.3": 0.05026215660877645,
        "0.5": 0.05382328829532188,
        "0.75": 0.05903258300535184,
        "1.0": 0.06531157816513983,
        "1.5": 0.08251681386149604,
        "2.0": 0.10982393215801489
    },
    "PID-LQR": {
        "-0.75": 0.02788029455017195,
        "-0.5": 0.028944827786250345,
        "-0.3": 0.029855408014389948,
        "-0.1": 0.030863070391473197,
        "0.0": 0.03134968766015863,
        "0.1": 0.031845394840614154,
        "0.3": 0.032981751822358546,
        "0.5": 0.034286857052417984,
        "0.75": 0.036130197728013506,
        "1.0": 0.03820541863739328,
        "1.5": 0.043343232491181466,
        "2.0": 0.05006034836196495
    },
    "LMPC": {
        "-0.75": 0.027927747482240885,
        "-0.5": 0.02845105047956214,
        "-0.3": 0.02894924113746685,
        "-0.1": 0.029466326002655585,
        "0.0": 0.029918475385789418,
        "0.1": 0.03009067680279156,
        "0.3": 0.03070329222720025,
        "0.5": 0.03144858425594294,
        "0.75": 0.032495701761762405,
        "1.0": 0.03378764475753697,
        "1.5": 0.03674212894837699,
        "2.0": 0.04093504356402877
    },
    "MPC": {
        "-0.75": 0.02207368858115426,
        "-0.5": 0.022444125890655742,
        "-0.3": 0.022754370439157307,
        "-0.1": 0.023075307488338845,
        "0.0": 0.02323006806766337,
        "0.1": 0.02346251640393938,
        "0.3": 0.023843165679722167,
        "0.5": 0.024111777521487486,
        "0.75": 0.024656730868574388,
        "1.0": 0.025172009142368963,
        "1.5": 0.02617275079623652,
        "2.0": 0.027635075117162393
    },
    "MPC-J2": {
        "-0.75": 0.02210420042403215,
        "-0.5": 0.02251591523465663,
        "-0.3": 0.02281638254689421,
        "-0.1": 0.02312961202930213,
        "0.0": 0.023472950351516832,
        "0.1": 0.02346926770866972,
        "0.3": 0.023841395211304645,
        "0.5": 0.024297678553230014,
        "0.75": 0.024636658682787027,
        "1.0": 0.02530208707034895,
        "1.5": 0.0262357205375507,
        "2.0": 0.027641992709776665
    },
    "Fuzzy-LQR": {
        "-0.75": 0.015477045416392093,
        "-0.5": 0.015577094238831106,
        "-0.3": 0.015658074800526257,
        "-0.1": 0.015739782992080724,
        "0.0": 0.015780859915303754,
        "0.1": 0.015822053120985665,
        "0.3": 0.015904694427164287,
        "0.5": 0.015987658848151825,
        "0.75": 0.016091819901254703,
        "1.0": 0.016196488453837,
        "1.5": 0.016468220336857933,
        "2.0": 0.016809885933611452
    }
}